<?xml version="1.0" encoding="UTF-8"?>
<!DOCTYPE document PUBLIC "-//APACHE//DTD Documentation V2.0//EN" "http://forrest.apache.org/dtd/document-v20.dtd">
<document>
	<header>
		<title>Verteilte Verarbeitung</title>
	</header>
	<body>
		<p>In einigen vorstellbaren Szenarien kann auch die im <a href="site:parallelisierung">vorherigen Abschnitt</a>
		vorgestellte Möglichkeit der Parallelisierung die benötigte Rechenzeit nicht in "erträgliche" Dimensionen
		rücken. Wenn in einem solchen Fall dann (z.B. in einer Hochschulumgebung) außerdem noch eine große Anzahl
		an Rechnern zur Verfügung steht, kommt der Wunsch auf, den Genetischen Algorithmus nicht nur auf mehrere 
		Prozessoren sondern gleich auf mehrere Rechner zu verteilen.</p>
		<p>Auch diese Möglichkeit, die verteilte Verarbeitung (oder Clusterbetrieb), ist in <strong>GaFrame</strong>
		umgesetzt und kann direkt genutzt werden.</p>
		<section>
			<title>Verteilte Verarbeitung in <strong>GaFrame</strong></title>
			<p>Aus den bereits erläuterten <a href="site:parallelisierung">Gründen</a> wird auch im Falle der verteilten Verarbeitung nur <em>die Berechnung
			der Fitnessfunktion</em> parallelisiert. Das angewendete Verfahren basiert auf der bereits vorgestellten
			Parallelisierung und erweitert diese, wobei die Möglichkeiten der <em>Remote Method Invocation</em> (RMI) genutzt
			werden. </p>
			<p>Dabei tritt der Rechner, auf dem der Genetische Algorithmus gestartet wurde, als Koordinator auf und führt
			sämtliche Berechnungen bis auf Fitnessberechnungen selbst durch. Auf beliebig vielen anderen Rechnern laufen
			währenddessen RMI-Server, die bei Programmstart mit der zu nutzenden Fitnessfunktion initialisiert wurden.</p>
			<p>Als zusätzliches Feature sind auch die Serverprozesse weiter parallelisiert: Pro Server werden so viele
			Fitnessberechnungsthreads erzeugt, wie Prozessoren/Kerne vorhanden sind. Dadurch werden auch die entfernten
			Rechner optimal ausgelastet.</p>
			<p>Im Verteilungsdiagramm wird die Situation deutlich: Eine Instanz von <code>GeneticAlgorithm</code> kann auf
			beliebig viele Server zugreifen, die wiederum mehrere Objekte vom Typ <code>RemoteFitness</code> zur Verfügung
			stellen.</p>
			<p>
				<img src="images/cluster2.png" alt="Verteilungsdiagramm für den Clusterbetrieb"/>
			</p>
			<p>Sobald Fitnesswerte zu berechnen sind, werden (wie bei der Parallelisierung) die 
			entsprechenden Individuen in eine Warteschlange gefüllt. Die Fitness wird jetzt aber nicht lokal berechnet,
			sondern auf den entfernten Rechnern.
			Die Chromosomen der Individuen, deren Fitness zu berechnen ist, werden hierzu serialisiert	und an die 
			entsprechenden Server weitergegeben. Die Server führen dann die Berechnung durch und geben die Fitnesswerte
			an den Koordinator zurück.</p>
			<p>Durch die Nutzung von RMI ist die Umsetzung der verteilten Verarbeitung transparent. Die entfernten
			Objekte (RemoteInterfaces) müssen lediglich beim Start des Genetischen Algorithmus initialisiert werden,
			im weiteren Programmverlauf ändert sich (gegenüber dem Betrieb in Parallelisierung) nichts. Das folgende
			Objektdiagram verdeutlicht dies nochmals:</p>
			<p>
				<img src="images/cluster.png" alt="Objektdiagramm Clusterbetrieb"/>
			</p>
			<p>Mehraufwand entsteht allerdings dadurch, dass der Quellcode der Fitnesfunktion sowie die 
			<strong>GaFrame</strong>-Bibliothek auf die Server verteilt und die Serverprozesse dort gestartet werden müssen.
			Hinweise hierfür finden sich unter <a href="site:cluster">Verteilte Verarbeitung</a>.
			</p>
			<p>Sollte im Verlauf des Genetischen Algorithmus einer der entfernten Server ausfallen, läuft der Genetische Algorithmus
			trotzdem weiter (solange noch mindestens 1 Server zur Verfügung steht), der ausgefallene Server wird einfach ignoriert.</p>
		</section>
	</body>
</document>
