<?xml version="1.0" encoding="UTF-8"?>
<!DOCTYPE document PUBLIC "-//APACHE//DTD Documentation V2.0//EN" "http://forrest.apache.org/dtd/document-v20.dtd">
<document>
	<header>
		<title>Parallelisierung</title>
	</header>
	<body>
		<p>Um einen Genetischen Algorithmus nutzbringend einsetzen zu können, ist es oft erforderlich, den Evolutionsprozess
		über einen relativ langen Zeitraum (eine große Anzahl von Zyklen) durchzuführen. Der Rechenaufwand zur Durchführung
		eines Genetischen Algorithmus kann sich dabei durch folgende Faktoren erhöhen: </p>
		<ul>
			<li>Große Populationen</li>
			<li>Große Chromosomen (eine hohe Chromosomenlänge)</li>
			<li>Langer Evolutionszeitraum (viele Zyklen)</li>
			<li>Komplexe, aufwändig zu berechnende Fitnessfunktionen</li>
		</ul>
		<p>Da inzwischen viele PCs mit mehreren Prozessoren oder mit Mehrkernprozessoren ausgestattet sind, lag es nahe,
		für <strong>GaFrame</strong> direkt die Möglichkeit der Parallelverarbeitung vorzusehen. </p>
		
		<section>
			<title>Parallelisierung in GaFrame</title>
			<p>Um im Ablaufmodell von <strong>GaFrame</strong> parallele Verarbeitung effektiv nutzen zu können, musste
			zuerst ein geeigneter Erweiterungspunkt in der Architektur gefunden werden. </p>
			<p>Die eigentlichen "genetischen Operationen" im Genetischen Algorithmus (Selektion, Rekombination, Mutation,
			Ersetzung) zeichnen sich durch konstanten Aufwand aus, der für die meisten mittels Genetischer Algorithmen
			zu lösenden Probleme etwa gleich sein sollte. Die Berechnung der Fitness eines Individuums ist aber bei jedem
			Problem individuell, hier können durchaus auch aufwändige Funktionen genutzt werden. Dies ist z.B. in den Belegen
			der Autoren der Fall. Aus diesem Grund entschieden wir uns, die Fitnessberechnung parallelisierbar zu gestalten. 
			Sobald innerhalb des Genetischen Algorithums die Fitness einer Population zu berechnen ist (siehe
			<a href="site:design">Design</a>), kann dies bei entsprechender Konfiguration auf mehrere Prozessoren bzw. Kerne
			verteilt werden. <strong>GaFrame</strong> nutzt hierbei pro Prozessor/Kern einen eigenständigen Thread, sodass
			die Kapazitäten der Maschine optimal ausgenutzt werden.</p>
			<p>Das folgende Objektdiagramm zeigt nochmals den Zusammenhang: <code>GeneticAlgorithm</code> füllt, sobald 
			eine Fitnessberechnung notwendig ist, die entsprechenden Individuen in eine Warteschlange. Die Threads, die
			die eigentliche Fitnessberechnung durchführen, werden benachrichtigt, nehmen die Individuen aus 
			der Warteschlange und berechnen ihre Fitness.</p>
			<p>	
				<img src="images/threads.png" alt="Objektdiagramm Multithreading"/>
			</p>
			<p>Das hier erläuterte Verfahren bildet auch die Basis für die im <a href="site:verteilt">nächsten Abschnitt</a>
			erläuterte verteilte Verarbeitung. </p>
		</section>
	</body>
</document>
