<?xml version="1.0" encoding="UTF-8"?>
<!DOCTYPE document PUBLIC "-//APACHE//DTD Documentation V2.0//EN" "http://forrest.apache.org/dtd/document-v20.dtd">
<document> 
  <header> 
    <title>Implementierte Verfahren</title> 
  </header> 
  <body> 
  <p>
  	Trotz Austauschbarkeit und Flexibilität ist es nicht sinnvol,l alle Standardverfahren, die im Gebiet
  	der Genetischen Algorithmen bekannt und bewährt sind, für jeden Anwendungsfall neu zu schreiben. Aus diesem
  	Grund haben wir einige dieser Verfahren direkt in <strong>GaFrame</strong> eingebaut, damit ein Nutzer möglichst
  	schnell zu Ergebnissen gelangen kann.
  </p>
  <p>
  	Natürlich haben wir nicht alle uns bekannten Verfahren für die einzelnen Phasen implementiert, sondern nur diese,
  	die uns als sinnvoll erschienen und die wir in den parallel laufenden Belegen nutzen wollten.
  </p>
  <p>
  	Im Folgenden wollen wir die gewählten Verfahren weiter erläutern.
  </p>
  
  <section>
  	<title>Initialisierung</title>
  	<p>
  		Zur Initialisierung des Evolutionsprozesses haben wir zwei Implementierungen beigefügt.
  		Das Standardverfahren, welches verwendet wird, arbeitet nach dem Zufallsprinzip.
  		Hierbei wird die Bit-Kombination des Chromosoms zufällig bestimmt und anschließend die
  		Fitness für die Individuen berechnet. Weiterhin gestattet es eine Überinitialisierung, deren
  		Grad mittels der Methode <code>void setInitializationCoeff(double initializationCoeff)</code>
  		gesetzt werden kann. Als Standardwert ist hier 1.0 vorgegeben, was zu keiner Überinitialisierung
  		führt. Dies hat den Grund, dass die Fitnessberechnung unter Umständen sehr lange dauern kann
  		und ein zu optimistisch gewählter Wert das System extrem ausbremsen würde. Nach der
  		Initialisierung werden dann die fittesten Individuen dem Evolutionsprozess zugeführt (entsprechend
  		der Populationsgröße).
  	</p>
  	<p>
  		Das zweite Verfahren ist kein Initialisierungsverfahren im klassischen Sinne. Es stellt lediglich die Möglichkeit
  		dar, eine als XML-Datei abgespeicherte Population zu laden, um einen vorangegangenen Evolutionsprozess weiter
  		zu führen. Diese Klasse nutzt dabei die Funktionalität, welche durch eine Util-Klasse des <strong>GaFrames</strong>
  		angeboten wird. Nähere Informationen finden Sie hierzu in der <a href="site:javadoc">javadoc-Dokumentation</a> für die Klasse
  		<code>de.htwdd.ga.util.GaXmlUtil</code>.
  	</p>
  </section>

  <section>
  	<title>Selektion</title>
  	<p>
  		Auch für den Prozess der Selektion haben wir zwei Verfahren implementiert und dem <strong>GaFrame</strong> beigefügt.
  		Die <code>RandomSelection</code> stellt eine einfache und performante Variante dar, die Paare von Heiratskandidaten
  		zufällig bestimmt und auswählt. Dieses Verfahren sollte zum Experimentieren genutzt werden. Sind die Ergebnisse nicht
  		befriedigend, sollten Sie die <code>RankingSelection</code> nutzen. Die rangbasierte Selektion hat eine
  		höhere Laufzeitkomplexität, welche sich, je nach Problem, durch besserer Konvergenz relativieren kann.
  	</p>
  </section>
  
  <section>
  	<title>Rekombination (Crossover)</title>
  	<p>
  		Zum eigentlichen "verheiraten" der Individuen haben wir zwei einfache Crossover-Verfahren eingebaut. Standardmäßig
  		wird <code>SinglePointCrossover</code> genutzt, es steht aber ebenfalls die Klasse <code>TwoPointCrossover</code>
  		zur Verfügung. Eine Darstellung über die Wirkungsweise finden Sie unter "Optionale Konfigurationsmöglichkeiten"
  		(Kreuzungsverfahren) im <a href="site:lokal">Abschnitt Nutzung</a>.
  	</p>
  </section>

  <section>
  	<title>Ersetzungsschema</title>
  	<p>
  		Wir haben uns hier für den Elitismus entschieden und in der Klasse <code>Elitism</code> implementiert. Dieses Verfahren
  		schien uns am sinnvollsten. Das Verfahren bildet eine Folgepopulation für die nächste Generation im Evolutionsprozess.
  		Hierzu führt es die aktuelle Population (<code>population</code>) und die Kinder (<code>children</code>) zusammen. Natürlich
  		unter Einhaltung der Populationsgröße, die den Einschränkungen entsprechend konstant sein soll.
  	</p>
  </section>
 
  <section>
  	<title>Mutation</title>
  	<p>
  		Die Mutation ist direkt in der Klasse <code>Individual</code> untergebrach und die entsprechende Methode des Individuums wird
  		ausgeführt, nachdem das Ersetzungsschema die Folgepopulation erstellt hat. Nach dem Mutieren muss eventuell erneut geprüft werden,
  		ob die Fitness der Individuen noch aktuell ist. Andernfalls muss sie neu berechnet werden.
  	</p>
  	<p>
  		Natürlich wird in <strong>GaFrame</strong> nicht jedes Individuum mutiert, sondern es wird mittels einer Mutationswahrscheinlichkeit
  		angegeben, wie hoch die Wahrscheinlichkeit sein soll, dass ein Individuum mutiert werden soll. Wurde ein Individuum für die
  		Mutation ausgewählt, wird zufällig ein Bit ermittelt und "umgekippt".
  	</p>
  </section>

  <section>
  	<title>Graycodierung</title>
  	<p>
  		Es ist auch die Möglichkeit vorgesehen, die Chromosomen mittels einer Graycodierung zu verschlüsseln. Hierzu
  		genügt es, der statischen Methode <code>void doGrayCoding(BitSet bitSet)</code> der Klasse <code>de.htwdd.ga.util.BitSetUtil</code> aufzurufen.
  		Zum Entschlüsseln in der Fitnessfunktion können Sie das Chromosom mittels <code>void doInvGrayCoding(BitSet bitSet)</code>
  		zurück transformieren.
	</p>
  </section>

  </body>
</document>
