<?xml version="1.0" encoding="UTF-8"?>
<!DOCTYPE document PUBLIC "-//APACHE//DTD Documentation V2.0//EN" "http://forrest.apache.org/dtd/document-v20.dtd">
<document>
	<header>
		<title>
			Anforderungen an ein Framework für Genetische Algorithmen
		</title>
	</header>
	<body>
		<p>
			Natürlich haben wir uns im Vorfeld gründlich Gedanken über die Fähigkeiten eines Frameworks für <em>Genetische Algorithmen (GA)</em> gemacht.
			Zu diesem Zweck wollen wir hier die von uns aufgestellten Anforderungen an ein solches System angeben und im Weiteren auf die konkrete Lösung eingehen.
		</p>

		<p>
			Unsere Anforderungen waren:
		</p>

		<ol>
			<li>allgemeine Anwendbarkeit</li>
			<li>Grundstock an Verfahren</li>
			<li>einfache Bedienung</li>
			<li>Anpassbarkeit</li>
			<li>performante Abarbeitung
				<ul>
					<li>Effizienz</li>
					<li>Skalierbarkeit</li>
				</ul>
			</li>
		</ol>
				
		<p>
			Wie in der obenstehenden Listen zu sehen ist, müssen vielschichtige Problemstellungen beachtet werden.
			Die kurz aufgelisteten Punkte sollen jetzt noch ein wenig untersetzt werden:
		</p>
		
		<dl>
			<dt><strong>allgemeine Anwendbarkeit:</strong></dt>
			<dd>
				Das System soll nicht auf spezielle Anwendungsfälle zugeschnitten sein, sondern sich auf möglichst viele Problemstellungen (die für natürlich
				für Genetische Algorithmen geeignet sein müssen) anwenden lassen. Hierzu ist es nötig, eine gute Chromosomen-Mimik zu wählen und Schnittstellen zu 
				definieren, die es gestatten diese Mimik einfach nutzen zu können.
			</dd>
			
			<dt><strong>Grundstock an Verfahren:</strong></dt>
			<dd>
				In der Literatur sind zahlreiche Verfahren und Strategien beschrieben, mit denen man die einzelnen Phasen eines <em>GA</em> ausführen kann.
				Wir wollten einige nützliche Operatoren und Strategien zu Verfügung stellen, damit man gleich mit der Arbeit am Problem beginnen kann und nicht erst
				eigene Operatoren definieren muss.
			</dd>
			
			<dt><strong>einfache Bedienung:</strong></dt>
			<dd>
				Es soll einem Entwickler möglichst viel Arbeit erspart werden und kein großer Einarbeitungsaufwand nötig sein. Es handelt sich schließlich um ein kleines
				Framework und man sollte vermeiden, Sachverhalte zu verkomplizieren (gemäß dem Motto: keep it short and simple). Wenige Zeilen Code sollen genügen, um
				einen lauffähigen <em>GA</em> zu erzeugen. Weiterhin soll die Chromosomen-Mimik einfach nutzbar sein.
			</dd>
			
			<dt><strong>Anpassbarkeit:</strong></dt>
			<dd>
				Das System soll modular aufgebaut sein, so dass es möglich ist, Komponenten leicht auszutauschen oder anzupassen. Hierzu zählen zahlreiche Paradigmen
				des objektorientierten Designs (OOD). Es soll also möglich sein, eigene Komponenten (Klassen) unter Einhaltung der
				Schnittstellen in das System einzubringen, ohne das System an sich ändern zu müssen.
			</dd>
			
			<dt><strong>performante Abarbeitung:</strong></dt>
			<dd>
				Natürlich muss die Implementierung robust und gut entworfen sein. Geschwindigkeit war trotzdem unser oberestes Ziel. Weiterhin soll man auch von
				Mehrprozessormaschinen oder gar ganzen Rechnerfarmen profitieren und gemäß der Aufgabenstellung Möglichkeiten haben, den <em>GA</em> mit Rechenleistung
				zu versorgen.
			</dd>
		</dl>
		
	</body>
</document>
