<?xml version="1.0" encoding="UTF-8"?>
<!DOCTYPE document PUBLIC "-//APACHE//DTD Documentation V2.0//EN" "http://forrest.apache.org/dtd/document-v20.dtd">
<document>
	<header>
		<title>Entwurfsdetails zu GaFrame</title>
	</header>
	<body>

		<section id="gaAblauf">
			<title>Ablaufschema eines GA</title>
			<p>
				Bewusst haben wir in dieser Dokumentation auf theoretische Details zu <em>GA</em> verzichtet, da hierzu genügend Literatur verfügbar ist.
				Dennoch muss auch hier kurz das Grundschema eines <em>GA</em> aufgezeigt werden, um anschließend direkt das Softwaredesign
				ableiten zu können.
			</p>
				<table>
					<tr>
						<td>
							<img src="images/ga_ablauf.png" alt="Allgemeines Schema eines GA" />
						</td>
						<td>
							<dl>
								<dt><strong>Population erzeugen</strong></dt>
								<dd>
									Hier muss eine Grundpopulation erzeugt werden, mit der der <em>GA</em> arbeiten kann.
									Hierfür kann man verschiedene Ideen entwickeln, die wir als <em>Stategie</em> bezeichnen.
									Ein Beispiel für eine solche Strategie wäre:
									<ol>
										<li>doppelte Anzahl von Individuen mit zufälliger Chromosomenbelegung erzeugen</li>
										<li>Berechnung der <em>Fitness</em> jedes dieser Individuen</li>
										<li>Übernahme der "fittesten" Individuen in die Grundpopulation</li>
									</ol>
								</dd>

								<dt><strong>Selektion</strong></dt>
								<dd>
									Bei der Selektion handelt es sich um ein Auswahlverfahren, welches die Individuen bestimmt, die in den sogenannten
									Heiratspool aufgenommen werden. Auch hier sind unterschiedliche Verfahren, also <em>Strategien</em>
									(z.B. paarweise zufällig auswählen)  möglich.
								</dd>

								<dt><strong>Rekombination</strong></dt>
								<dd>
									In dieser Phase werden sogenannte <em>genetische Operatoren</em> auf die Phänotypen der Individuen im Heiratspool angewendet,
									um Kinder zu erzeugen, die im Laufe des Evolutionsprozesses immer bessere (Problemlösungs-) Eigenschaften entwickeln
									sollen. Hier sind wieder verschiedene Operatoren möglich, die auch als <em>Strategie</em> bezeichnet werden sollen.
								</dd>

								<dt><strong>Ersetzung</strong></dt>
								<dd>
									Da die Individuen im Allgemeinen nicht altern und sie somit bis zum Ende der Evolution in der Population vorhanden wären,
									muss man ein Verfahren wählen, welches die Population nach dem Erzeugen von Kindern wieder auf ein gewisses Maß reduziert.
									Der Einfachheit halber wird man wohl festlegen (wie wir dies auch getan haben), dass die Anzahl der Individuen einer 
									Population konstant ist. Auch hier bestehen wieder mehrere Verfahren, dieses
									Ersetzungschema zu bewerkstelligen. Weiterhin wird nach diesem Schritt noch eine <strong>Mutation</strong> vorgenommen.
									Die Mutation ist ebenfalls ein <em>genetischer Operator</em>, welcher zufällig ausgewählte Gene manipuliert, um "neue Wege" in
									der Evolution einschlagen zu können. Die Mutation trägt also maßgeblich zur Entwicklung der Population über Generationen hinweg
									bei.
								</dd>

								<dt><strong>Ende?</strong></dt>
								<dd>
									Es wird stets geprüft, ob die maximale Anzahl an Durchläufen erreicht ist oder die maximal benötigte <em>Fitness</em>
									erreicht wurde. In beiden Fällen wird der <em>GA</em> abgebrochen und das beste Individuum ausgegeben
								</dd>
							</dl>
						</td>
					</tr>
				</table>
			<p>
				Wie man sich leicht vorstellen kann, benötigt man evtl. an einigen Stellen die <em>Fitness</em> der Individuen, je nachdem welche
				Verfahren/Strategien zur Anwendung kommen. Im Grundschema ist die Berechnung der <em>Fitness</em>, also das "Konvertieren" der Phänotypen in 
				(hoffentlich) lebensfähige Individuen, an einer Stelle festgeschrieben. Da wir aber aus praktischen Gründen an verschiedenen Stellen
				diese Berechnung anstoßen, haben wir im Grundschema die <em>Fitnessberechnung</em> weggelassen (siehe auch 
				<a href="#ablaufModellierung">nächster Abschnitt</a>).
			</p>
		</section>

		<section id="ablaufModellierung">
			<title>Modellierung des Ablaufes</title>
			
			<p>
				Nachdem wir nun mit dem Ablaufschema eines <em>GA</em> vertraut sind, können wir diesen Prozess direkt als Sequenzdiagramm abbilden.
				Der hier aufgeführte Ablauf ist so tatsächlich in <strong>GaFrame</strong> implementiert.
			</p>
			<p>
				<img src="images/GeneticAlgorithm.run.png" alt="Sequenzdiagramm der run-Methode" />
			</p>
			<p>
				Wie man sieht, ist der komplette Ablauf des <em>GA</em> in einer Methode untergebracht, der <code>run()</code>-Methode,
				die von außen aufgerufen werden muss, um den <em>GA</em> in Gang zu setzen.
			</p>
			<p>
				Die einzelnen Teilschritte sind nochmals in eigene Methoden gekapselt, um Übersichtlichkeit und gute Lesbarkeit
				zu erreichen. In den jeweiligen Teilschritten werden schließlich Methoden von austauschbaren Strategien aufgerufen, die die entsprechenede 
				Implementierung enthalten. Details hierfür finden sich im Abschnitt zur <a href="#softwarearchitektur">Softwarearchitektur</a>.
			</p>
		</section>

		<section id="softwarearchitektur">
			<title>Softwarearchitektur</title>
			<p>
			</p>

			<section id="klassendiagramm">
				<title>Klassendiagramm</title>
				<p>
					<img src="images/de.htwdd.ga.png" alt="GaFrame-Klassendiagramm" />
				</p>
				<p>
					Das oben dargestellte Klassendiagramm enthält grundsätzlich alle Klassen, die das <strong>GaFrame</strong> beinhaltet.
					Lediglich einige Util-Klassen und der RMI-Server sind hier aus Platzgründen nicht mit aufgeführt.
					Wenn Sie sich für diese Util-Klassen interessieren, sollten Sie einen Blick in die <a href="site:javadoc">javadoc-Dokumentation</a> werfen
					und unter <code>de.htwdd.ga.util</code>	nachschlagen. Auch das vollständige Klassendiagramm ist im <a href="site:javadoc">Javadoc</a>
					enthalten. In den folgenden Kapiteln werden einige Informationen zur
					verteilten Verarbeitung und RMI folgen, weswegen hier nur der Hinweis darauf erfolgt.
				</p>
				<p>
					Wie man im Klassendiagramm sehr schön erkennen kann, ist <strong>GaFrame</strong> modular aufgebaut. Das bedeutet, dass
					es sich ohne Eingriffe in die bisherige Implementierung erweitern und anpassen lässt. Hiermit haben wir unseren definierten
					Anforderungen Rechnung getragen und konnten dies in parallel laufenden Belegen testen. Das Konzept hat sich in unseren Augen
					bewährt und lässt sich einfach handhaben.
				</p>
			</section>

			
			<section id="austausch">
				<title>Austauschbare Komponenten</title>
				<p>
					Designziel war es, neben Effizienz des genetischen Prozesses, das System flexibel und allgemeingültig zu entwerfen.
					Um dies zu gewährleisten, haben wir eine einfache Form eines Extensionpoint-Mechanismus vorgesehen, der es gestattet, das
					System massiv zu beeinflussen, ohne nur eine Zeile Quellcode des eigentlichen <strong>GaFrame</strong>-Paketes ändern zu
					müssen.
				</p>
				<p>
					Gelöst haben wir das Problem so, dass in den verschiedenen Phasen der <code>run()</code>-Methode verschiedene Aufgaben
					an verschiedene Objekte delegiert werden. Dieses Vorgehen ist im Sequenzdiagramm deutlich abzulesen.
				</p>
				<p>
					Für den Austausch von Komponenten verfügt ein Objekt des Typs <code>GeneticAlgorithm</code> über Setter-Methoden um, die
					entsprechenden Objekte zu setzen.
					Wie aus dem Klassendiagramm ersichtlich, muss hierzu die gewünschte Schnittstelle genutzt und die Funktionalität
					ausprogrammiert werden. Im folgenden wird auf die einzelnen Bestandteile eingegangen.
				</p>
				<dl>
					<dt><strong>Fitnessfunktion</strong></dt>
					<dd>
						<p>
							Für jedes Problem  muss eine individuelle Fitnessfunktion zur Verfügung gestellt werden. Hierzu haben
							wir das Interface <code>FitnessFunction</code> vorgesehen, welches die Methode 
							<code>double computeFitness(BitSet chromosome)</code> vorschreibt. Hierbei verfügt jedes Individuum über eine
							eigene Fitnessfunktion, was nötig ist, um die parallele Nutzung zu gewährleisten.
						</p>
						<p>
							Gesetzt wird die Fitnessfunktion über den Setter <code>public void setFitnessFunction(Class fitnessFunction)</code>.
							Da hier nur ein Class-Objekt übergeben wird, ist es uns möglich, mittels Reflection beliebig viele Instanzen der Fitnessfunktion
							zu erzeugen.
						</p>
					</dd>
				
					<dt><strong>Initialisierungsfunktion und Mutation</strong></dt>
					<dd>
						<p>
							Wir haben bereits zwei Implementierungen einer Initialisierungsfunktion dem Paket beigefügt.
							Nähere Informationen unter <a href="site:verfahren">Verfahren</a>.
						</p>
						<p>
							Oft ist es nötig, für konkrete Anwendungsfälle spezielle Initialisierungsverfahren zu nutzen, um die Konvergenz
							des genetischen Prozesses zu beschleunigen oder sogar erst zu ermöglichen. Um eigene Implementierungen in
							<strong>GaFrame</strong> nutzen zu können, verfügt die Klasse <code>GeneticAlgorithm</code> über die
							Setter-Methode <code>void setInitializationFunction(InitializationFunction initializationFunction)</code>.
							Hiermit ist es möglich eine eigene, die Klasse <code>InitializationFunction</code> ableitende, Klasse zu nutzen.
						</p>
						<p>
							Weiterhin sei erwähnt, dass es eigentlich nicht vorgesehen ist, die Klasse <code>Individual</code> zu verändern.
							Sollte dies unbedingt nötig sein, um zum Beispiel die <strong>Mutation</strong> grundsätzlich anders zu implementieren,
							dann können Sie in einer eigenen Initialisierungsfunktion Objekte Ihrer eigenen Idividuum-Klasse erzeugen.
							Bitte achten Sie hier allerdings darauf, dass das Individuum ein zentrales Element des Genetischen
							Algorithmus ist und Änderungen hier schnell dazu führen können, dass andere Verfahren nicht mehr ordungsgemäß
							auf den Individual-Objekten arbeiten können. <strong>Erweitern Sie also bitte die Individual-Klasse nur, wenn Sie
							mit den Interna von GaFrame absolut vertraut sind!</strong>
						</p>
					</dd>
					
					<dt><strong>Selektionsverfahren</strong></dt>
					<dd>
						<p>
							Die drei letzten Komponenten, die man austauschen kann, werden alle nach dem oben beschriebenen Schema eingehängt.
							Weiterhin ist hierfür jeweils ein Interface vorgesehen, um die Schnittstelle zu <strong>GaFrame</strong>
							zu definieren. Wir werden also die Beschreibung verkürzen und nur noch den Namen des Interfaces und
							der Setter-Methode nennen, um die entsprechende Strategieimplementierung in <strong>GaFrame</strong> einzuhängen.
						</p>
						<dl>
							<dt>Interface:</dt>
							<dd><code>SelectionStrategy</code></dd>
							<dt>Setter in <code>GeneticAlgorithm</code>:</dt>
							<dd><code>void setSelectionStrategy(SelectionStrategy selectionStrategy)</code></dd>
						</dl>
					</dd>
					
					<dt><strong>Rekombinationsverfahren</strong></dt>
					<dd>
						<dl>
							<dt>Interface:</dt>
							<dd><code>CrossoverMethod</code></dd>
							<dt>Setter in <code>GeneticAlgorithm</code>:</dt>
							<dd><code>void setCrossoverMethod(CrossoverMethod crossoverMethod)</code></dd>
						</dl>
					</dd>

					<dt><strong>Ersetzungsstrategie</strong></dt>
					<dd>
						<dl>
							<dt>Interface:</dt>
							<dd><code>ReplacementStrategy</code></dd>
							<dt>Setter in <code>GeneticAlgorithm</code>:</dt>
							<dd><code>void setReplacementStrategy(ReplacementStrategy replacementStrategy)</code></dd>
						</dl>
					</dd>
				</dl>	
			</section>
			
		</section>


	</body>
</document>
