<?xml version="1.0" encoding="UTF-8"?>
<!DOCTYPE document PUBLIC "-//APACHE//DTD Documentation V2.0//EN" "http://forrest.apache.org/dtd/document-v20.dtd">
<document> 
  <header> 
    <title>Einschränkungen</title> 
  </header> 
  <body> 
      <p>
	      	Wir haben aus Gründen der einfachen Implementierung einige Einschränkungen festgelegt:
      </p>
     	<ol>
     		<li>Chromosomen sind ausschließlich binär codiert (mittels <code>java.util.Bitset</code>).</li>
     		<li>Die Chromosomenlänge ist konstant.</li>
     		<li>Die Anzahl der Individuen pro Population ist konstant.</li>
      	</ol>
  </body>
</document>
