<!-- Maven project descriptor -->
<!-- Version $Id: project.xml,v 1.1 2003/11/27 21:08:45 dave_hoag Exp $ -->
<project>
  <pomVersion>3</pomVersion>
  <name>jgrinder-utility</name>
  <id>utility</id>
  <currentVersion>2.x</currentVersion>
  <organization>
    <name>ObjectWave Corporation</name>
    <url>http://jgrinder.sf.net/</url>
  </organization>
  <inceptionYear>2000</inceptionYear>
  <package>com.objectwave</package>

  <shortDescription>Java Utility classes used by JGrinder</shortDescription>
  <dependencies>
    <dependency>
      <groupId>servletapi</groupId>
	  <artifactId>servletapi</artifactId>
      <version>2.2</version>
    </dependency>
    <dependency>
      <groupId>log4j</groupId>
      <artifactId>log4j</artifactId>
      <version>1.2.4</version>
    </dependency>
    <dependency>
      <groupId>junit</groupId>
      <artifactId>junit</artifactId>
      <version>3.8.1</version>
      <url>http://www.junit.org/</url>
    </dependency>
    <dependency>
      <groupId>bcel</groupId>
      <artifactId>bcel</artifactId>
      <version>5.0</version>
      <url>http://jakarta.apache.org/bcel/</url>
    </dependency>
    <dependency>
      <groupId>ejb</groupId>
      <artifactId>ejb</artifactId>
      <version>2.1</version>
    </dependency>
  </dependencies>
  <build>
    <nagEmailAddress>
      dave_hoag@sf.net
    </nagEmailAddress>
    <sourceDirectory>src</sourceDirectory>
    <unitTestSourceDirectory>testSrc</unitTestSourceDirectory>

    <!-- Unit test cases -->
    <unitTest>
      <includes>
        <include>**/*Test.java</include>
      </includes>
		<resources>
			<resource>
				<directory>src</directory>
				<includes>
					<include>**/*.xml</include>
					<include>**/*.properties</include>
				</includes>
			</resource>
		</resources>
    </unitTest>
  </build>
</project>
