<?xml version="1.0" encoding="UTF-8"?>
<!--
  Copyright 2002-2004 The Apache Software Foundation or its licensors,
  as applicable.

  Licensed under the Apache License, Version 2.0 (the "License");
  you may not use this file except in compliance with the License.
  You may obtain a copy of the License at

      http://www.apache.org/licenses/LICENSE-2.0

  Unless required by applicable law or agreed to in writing, software
  distributed under the License is distributed on an "AS IS" BASIS,
  WITHOUT WARRANTIES OR CONDITIONS OF ANY KIND, either express or implied.
  See the License for the specific language governing permissions and
  limitations under the License.
-->
<!DOCTYPE document PUBLIC "-//APACHE//DTD Documentation V2.0//EN" "http://forrest.apache.org/dtd/document-v20.dtd">
<document> 
	<header>
		<title>Downloads</title>
	</header>
	<body>
		<note>Um <strong>GaFrame</strong> nutzen zu können, wird eine Java Virtual Machine 1.5.x 
		(oder höher) benötigt. Zum Übersetzen der Quellen sind ein entsprechendes JDK sowie das
		Buildwerkzeug Ant notwendig.<br/>
		JavaSE ist z.B. unter <a href="ext:java/download">java.sun.com</a> erhältlich.<br/>
		Ant kann unter <a href="ext:ant/download">ant.apache.org</a> heruntergeladen werden.<br/>
		Um die Möglichkeit der Persistierung in XML-Dateien nutzen zu können, wird die Bibliothek 
		<a href="ext:jdom">JDOM</a> benötigt.</note>

		<section>
			<title>Binärdistribution</title>
			<p>Die Binärdistribution von <strong>GaFrame</strong> steht als JAR-File zum Download
			bereit. Weitere Informationen zur Nutzung können der <a href="site:javadoc">Entwicklerdokumentation</a>
			und dem Abschnitt <a href="site:lokal">Nutzung</a> dieser Website entnommen werden. </p>
			<ul>
				<li><a href="ga-frame.jar">ga-frame.jar</a> </li>
			</ul>
		</section>
		<section>
			<title>Quelldistribution</title>
			<p>Die Quelldistribution enthält neben den Java-Quellen und benötigten Bibliotheken die
			<a href="site:javadoc">Entwicklerdokumentation</a> (Javadoc), die auch UML-Klassendiagramme enthält. </p>
			<p>Um <strong>GaFrame</strong> zu kompilieren, muss nach dem Entpacken der ZIP-Datei im Verzeichnis
			<em>ga-frame</em> der Befehl <code>ant compile</code> ausgeführt werden, <code>ant run</code> startet 
			eine Beispielapplikation.</p>
			<p>Die ZIP-Datei enthält außerdem eine Eclipse-Projektdatei, sodass das Projekt auch direkt mit Eclipse
			bearbeitet werden kann. </p>
			<ul>
				<li><a href="ga-frame_src.zip">ga-frame_src.zip</a> </li>
			</ul>
		</section>
		<section>
			<title>Subversion-Repository</title>
			<p>Das Projekt wird mittels des Versionsmanagementsystems Subversion verwaltet. </p>
			<p>Das entsprechende Repository ist unter <a href="ext:hoelzware/svn_ga">http://www.hoelzware.de/svn/gaFrame/</a> 
			erreichbar, der Zugriff kann sowohl per Browser als auch über einen SVN-Client (anonymer Zugriff) erfolgen. </p>
		</section>
	</body>
</document>
