0,0.64,0.64,0,0.32,0,0,0,0,0,0,0.64,0,0,0,0.32,0,1.29,1.93,0,0.96,0,0,0,0,0,0,0,0,0,0,0,0,0,0,0,0,0,0,0
0.21,0.28,0.5,0,0.14,0.28,0.21,0.07,0,0.94,0.21,0.79,0.65,0.21,0.14,0.14,0.07,0.28,3.47,0,1.59,0,0.43,0.43,0,0,0,0,0,0,0,0,0,0,0,0,0.07,0,0,0
0.06,0,0.71,0,1.23,0.19,0.19,0.12,0.64,0.25,0.38,0.45,0.12,0,1.75,0.06,0.06,1.03,1.36,0.32,0.51,0,1.16,0.06,0,0,0,0,0,0,0,0,0,0,0,0,0,0,0,0.06
0,0,0,0,0.63,0,0.31,0.63,0.31,0.63,0.31,0.31,0.31,0,0,0.31,0,0,3.18,0,0.31,0,0,0,0,0,0,0,0,0,0,0,0,0,0,0,0,0,0,0
0,0,0,0,0.63,0,0.31,0.63,0.31,0.63,0.31,0.31,0.31,0,0,0.31,0,0,3.18,0,0.31,0,0,0,0,0,0,0,0,0,0,0,0,0,0,0,0,0,0,0
0,0,0,0,1.85,0,0,1.85,0,0,0,0,0,0,0,0,0,0,0,0,0,0,0,0,0,0,0,0,0,0,0,0,0,0,0,0,0,0,0,0
0,0,0,0,1.92,0,0,0,0,0.64,0.96,1.28,0,0,0,0.96,0,0.32,3.85,0,0.64,0,0,0,0,0,0,0,0,0,0,0,0,0,0,0,0,0,0,0
0,0,0,0,1.88,0,0,1.88,0,0,0,0,0,0,0,0,0,0,0,0,0,0,0,0,0,0,0,0,0,0,0,0,0,0,0,0,0,0,0,0
0.15,0,0.46,0,0.61,0,0.3,0,0.92,0.76,0.76,0.92,0,0,0,0,0,0.15,1.23,3.53,2,0,0,0.15,0,0,0,0,0,0,0,0,0.15,0,0,0,0,0,0,0
0.06,0.12,0.77,0,0.19,0.32,0.38,0,0.06,0,0,0.64,0.25,0,0.12,0,0,0.12,1.67,0.06,0.71,0,0.19,0,0,0,0,0,0,0,0,0,0,0,0,0,0,0,0,0
0,0,0,0,0,0,0.96,0,0,1.92,0.96,0,0,0,0,0,0,0.96,3.84,0,0.96,0,0,0,0,0,0,0,0,0,0,0,0,0,0,0,0,0,0,0.96
0,0,0.25,0,0.38,0.25,0.25,0,0,0,0.12,0.12,0.12,0,0,0,0,0,1.16,0,0.77,0,0,0,0,0,0,0,0,0,0,0,0,0,0,0,0,0,0,0
0,0.69,0.34,0,0.34,0,0,0,0,0,0,0.69,0,0,0,0.34,0,1.39,2.09,0,1.04,0,0,0,0,0,0,0,0,0,0,0,0,0,0,0,0,0,0,0
0,0,0,0,0.9,0,0.9,0,0,0.9,0.9,0,0.9,0,0,0,0,0,2.72,0,0.9,0,0,0,0,0,0,0,0,0,0,0,0,0,0,0,0,0,0,0
0,0,1.42,0,0.71,0.35,0,0.35,0,0.71,0,0.35,0,0,0,5.35,0,0,3.21,0,2.85,0,0.35,0,0,0,0,0,0,0,0,0,0,0,0,0,0,0,0,0
0,0.42,0.42,0,1.27,0,0.42,0,0,1.27,0,0,0,0,0,1.27,0,0,1.7,0.42,1.27,0,0,0.42,0,0,0,0,0,0,0,0,0,0,0,0,1.27,0,0,0.42
0,0,0,0,0.94,0,0,0,0,0,0,0,0,0,0,0,0,0,1.88,0,2.83,0,0,0,0,0,0,0,0,0,0,0,0,0,0,0,0,0,0,0
0,0,0,0,0,0,0,0,0,0,0,0,0,0,0,0,0,0,0,0,2.11,0,0.7,0,0,0,0,0,0,0,0,0,0,0,0,0,0,0,0,0
0,0,0.55,0,1.11,0,0.18,0,0,0,0,0,0.92,0,0.18,0,0.37,0.37,3.15,0,0.92,0,0,0,0,0,0,0,0,0,0,0,0,0,0,0,0,0,0,0
0,0.63,0,0,1.59,0.31,0,0,0.31,0,0,0.63,0,0,1.27,0.63,0.31,3.18,2.22,0,1.91,0,0.31,0.63,0,0,0,0.31,0,0,0,0,0,0,0,0,0,0,0,1.59
0,0,0,0,0,0,0,0,0,0,0,0,0,0,0,0,0,0,0,0,0,0,0,0,0,0,0,0,0,0,0,0,0,0,0,0,0,0,0,0
0.05,0.07,0.1,0,0.76,0.05,0.15,0.02,0.55,0,0.1,0.47,0.02,0,0,0,0.02,0.13,2.09,0.1,1.57,0,0.05,0,0,0,0,0,0,0,0,0,0,0,0,0.02,0.1,0,0,0
0,0,0,0,2.94,0,0,0,0,0,0,0,0,0,0,2.94,0,0,0,0,0,0,0,0,0,0,0,0,0,0,0,0,0,0,0,0,0,0,0,0
0,0,0,0,1.16,0,0,0,0,0,0,0.58,0,0,0,1.16,0,1.16,1.16,0,1.75,0,0,0,0,0,0,0,0,0,0,0,0,0,0,0,0,0,0,0
0,0,0,0,0,0,0,0,0,0,0,0,0,0,0,0,0,0,0,0,0,0,0,0,0,0,0,0,0,0,0,0,0,0,0,0,0,0,0,0
0.05,0.07,0.1,0,0.76,0.05,0.15,0.02,0.55,0,0.1,0.47,0.02,0,0,0,0.02,0.13,2.09,0.1,1.57,0,0.05,0,0,0,0,0,0,0,0,0,0,0,0,0.02,0.1,0,0,0
0,0,0,0,0,0,0,0,0,0,0,0,0,0,0,0,0,0,0,0,0,0,0,0,0,0,0,0,0,0,0,0,0,0,0,0,0,0,0,0
0,0,0,0,0,0,1.66,0,0,0,0,0,0,0,0,0,0,0,3.33,0,0,0,0,3.33,0,0,0,0,0,0,0,0,0,0,0,0,0,0,0,0
0,0,0,0,0,0,0,0,0,0,0,0,0,0,0,3.33,0,0,0,0,0,0,0,0,0,0,0,0,0,0,0,0,0,0,0,0,0,0,0,0
0,0,0,0,0.65,0,0.65,0,0,0,0.65,0.65,0,0,0,0.65,1.3,0,1.3,5.22,1.3,0,0,0.65,0,0,0,0,0,0,0,0,0,0,0,0,0,0,0,0
1.17,0,0,0,0,0,0,0,0,0,0,1.17,0,0,0,0,1.17,0,3.52,0,0,0,0,0,0,0,0,0,0,0,0,0,0,0,0,0,0,0,0,0
0,0,3.03,0,0,0,0,0,0,0,0,0,0,0,0,3.03,0,0,0,0,0,0,0,0,0,0,0,0,0,0,0,0,0,0,0,0,0,0,0,0
0,0,0,0,1.89,0.27,0,0,0,0,0,0.81,0,0,0,0.27,0,0,3.51,0,2.7,0,0,0.27,0,0,0,0,0,0,0,0,0,0,0,0,0,0,0,0
0,0,0,0,0,0,0,0,0,0,0,0,0,0,0,0,0,4.83,4.83,0,0,0,0,0,0,0,0,0,0,0,0,0,0,0,0,0,0,0,0,0
0,0.68,0,0,0,0,0,0,0,0.68,1.36,0,0,0,0,0,0,0,2.04,0,0.68,0,0,0,0.68,0,0,0.68,0,0,1.36,0,0,0,0.68,0,1.36,0,0,0
0,0,2.56,0,0,0,0,0,0,0,0,0,0,0,0,0,0,0,5.12,0,0,0,0,0,0,0,0,0,0,0,0,0,0,0,0,0,0,0,0,0
0,0,0,0,2.94,0,0,0,0,0,0,0,0,0,0,2.94,0,0,0,0,0,0,0,0,0,0,0,0,0,0,0,0,0,0,0,0,0,0,0,0
0,0,0.48,0,1.46,0,0.48,0,0,0,0,0.97,0,0,0,0.48,0.97,0,2.43,0,2.43,0,0.48,0,0,0,0,0,0,0,0,0,0,0,0,0,0,0,0,0
0,0.48,0.48,0,0.48,0,0,0,0,0,0,0.97,0,0,0,0.48,0,0.97,1.46,0,0.97,0,0,0,0,0,0,0,0,0,0,0,0,0,0,0,0,0,0,0
0,0.41,1.66,0,0.41,0,0,0,0,0,0,0.41,0,0,0,0.41,0,0.83,2.08,0,1.25,0,0,0,0,0,0,0,0,0,0,0,0,0,0,0,0,0,0,0
0.3,0,0,0,0.61,0.92,0,2.45,0,0,0,0.3,1.53,0,0,0,0,0.3,2.76,0,0.61,0,0.3,0.61,0,0,0,0,0,0,0,0,0,0,0,0,0.3,0,0,0
0,0,0,0,2.94,0,0,0,0,0,0,0,0,0,0,2.94,0,0,0,0,0,0,0,0,0,0,0,0,0,0,0,0,0,0,0,0,0,0,0,0
0,0,0,0,2.94,0,0,0,0,0,0,0,0,0,0,2.94,0,0,0,0,0,0,0,0,0,0,0,0,0,0,0,0,0,0,0,0,0,0,0,0
0,0,0.55,0,1.11,0,0.18,0,0,0,0,0.18,0.92,0,0.18,0,0.37,0.37,3.15,0,0.92,0,0,0,0,0,0,0,0,0,0,0,0,0,0,0,0,0,0,0
0,0,0,0,0.52,0,0.26,0.52,0,0.26,0.26,0.52,0,0,0,0.26,1.56,0.26,1.82,2.08,0.26,0,0,0,0,0,0,0,0,0,0,0,0,0,0,0,0,0,0,0
0.15,0.45,1.05,0,0.45,0,0,1.81,0.6,0.75,0,0.9,0.3,0,0.3,0,0,0,4.07,0,1.51,0,0,0.3,0,0,0,0,0,0,0,0,0,0,0,0,0,0,0,0
0.18,0,0.18,0,1.57,0.36,0.06,0.06,0.06,0.12,0.06,0.54,0.3,0.06,0,0,0.72,0.06,4.54,0.24,1.09,0,0.84,0.06,0,0,0,0,0,0,0,0,0,0,0,0,0,0,0,0
0.49,0,0.99,0,0,0.99,0,0,0,0.99,0.99,2.48,0.49,0,0,4.97,0.99,0,3.48,0,1.99,0,0.49,0,0,0,0,0,0,0,0,0,0,0,0,0,0,0,0,0
0.46,0.3,0.46,0,0.05,0.12,0.05,0.28,0.43,0.74,0.25,0.97,0.56,1.23,0,0.25,0.43,0.02,3.22,0,1.46,0,1.05,0.36,0,0,0,0,0,0,0,0,0,0,0,0,0,0,0,0
0.46,0.46,0.26,0,0,0.33,0.06,0.33,0,1.12,0.39,0.73,0.79,0,0.26,0.26,0,0.26,3.51,0,0.66,0,0.19,0.26,0,0,0,0,0,0,0,0,0,0,0,0,0,0,0,0
0,1.92,0,0,1.92,0,0,0,0,0,0,1.92,0,0,0,0,0,0,1.92,0,3.84,0,0,0,0,0,0,0,0,0,0,0,0,0,0,0,0,0,0,0
0.73,0.36,1.09,0,0,0.73,0.73,1.09,0.36,0.36,0,0.36,0,0,0,1.09,0.36,0.36,2.19,2.19,2.19,0,1.83,0,0,0,0,0,0,0,0,0,0,0,0,0,0,0,0,0
0.06,0.12,0.77,0,0.19,0.32,0.38,0,0.06,0,0,0.64,0.25,0,0.12,0,0,0.12,1.67,0.06,0.7,0,0.19,0,0,0,0,0,0,0,0,0,0,0,0,0,0,0,0,0
0,1.26,0,0,0,1.26,0,0,0,0,0,1.26,0,0,0,0,0,0,0,0,1.26,0,0,1.26,0,0,0,0,0,0,0,0,0,0,0,0,0,0,0,0
0.73,0.36,0.73,0,0,0.73,0.73,1.1,0.36,0.36,0,0.36,0,0,0,1.1,0.36,0.36,2.2,2.2,2.2,0,1.83,0,0,0,0,0,0,0,0,0,0,0,0,0,0,0,0,0
0,0,0,0,0,0,0,0,0,0,0,0,0,0,0,1.08,0,0,1.08,0,2.17,0,0,0,0,0,0,0,0,0,0,0,0,0,0,0,0,0,0,0
0,0,0,0,0,0,1.04,0,0,0,0,1.04,0,0,0,0,1.04,0,3.66,0,2.09,0,0,0,0,0,0,0,0,0,0,0,0,0,0,0,0,0,0,0
0,0,1.26,0,0,0,0,0,0,0,0,2.53,0,0,0,0,0,0,2.53,0,5.06,0,0,0,0,0,0,0,0,0,0,0,0,0,0,0,0,0,0,0
0,0.45,0.45,0,0.45,0,0,0,0,0,0,0.45,0,0,0,0.45,0,0.91,1.36,0,1.36,0,0,0,0,0,0,0,0,0,0,0,0,0,0,0,0,0,0,0
0,0.42,1.68,0,0.42,0,0,0,0,0,0,0.42,0,0,0,0.42,0,0.84,2.1,0,1.68,0,0,0,0,0,0,0,0,0,0,0,0,0,0,0,0,0,0,0
0,0.59,0,0,0,0,0.59,0,0,0.59,0,0.59,0,0,0,0,0,1.18,1.77,0,0,0,0,0,0,0,0,0,0,0,0,0,0,0,0,0,0,0,0,0
0.23,0,0.47,0,0.23,0,0,0,0,0,0,0,0,0.23,0,0.23,0.23,0,7.1,0,1.89,0,0,0.23,0,0,0,0,0,0,0,0,0,0,0,0,0,0,0,0
0,0,0.46,0,1.39,0,0.93,0.93,0,0,0.46,0.93,0,0,0,1.39,0,0.46,0.93,0,0.46,0,0,0,0,0,0,0,0,0,0,0,0,0,0,0,0,0.46,0,0
0,0.34,0,0,0.68,0,0.68,0,0,0.34,0.34,0,0,0,0,0.34,0,1.36,3.42,0,2.73,0,0,0,0.34,0.34,0,0,0,0,0,0,0.34,0,0,0,0,0,0,0
0.12,0.24,0.12,0,1.32,0.36,0,0.36,0,0,0.36,0.72,0,0,0,0,0,0,4.1,0,3.01,0,0.12,0,0,0,0,0,0,0,0,0,0.12,0,0,0,0.12,0,0,0.12
0.66,0,0.66,0,0,0,0,0,0,0.66,0,0,0,0,0,1.98,1.32,0,1.32,0,1.32,0,0,0,0,0,0,0,0,0,0,0,0,0,0,0,0,0,0,0
0,0.48,0.48,0,1.46,0,0.48,0,0,0.97,0.48,0,0,0,0,0.48,0,0,0.97,0.48,1.95,0,0,0.48,0,0,0,0,0,0,0,0,0,0,0,0,1.46,0,0,0.48
0,0,0,0,0,0,1.47,0,0,1.47,0,1.47,0,0,0,0,0,0,5.88,0,1.47,0,0,0,0,0,0,0,0,0,0,0,0,0,0,0,0,0,0,0
0.3,0,0.61,0,0,0,0,0,0,0.92,0.3,0.92,0.3,0.3,0,2.15,0.61,0,5.53,0,1.23,0,0,0.3,0,0,0,0,0,0,0,0,0,0.3,0,0,0,0,0,0
0,0,0,0,0,0,0,0,0,0,0,0,0,0,0,0,0,0,0,0,0,0,1.96,0,0,0,0,0,0,0,0,0,0,0,0,0,1.96,0,0,0
0,0,0,0,1.26,0,2.53,1.26,1.26,1.26,1.26,1.26,0,0,0,0,5.06,0,2.53,1.26,3.79,0,0,0,0,0,0,0,0,0,0,0,0,0,0,0,0,0,0,0
0,0.53,0.53,0,0.53,0,0,0,0,0,0,0.53,0,0,0,0.53,0,1.06,1.6,0,1.06,0,0,0,0,0,0,0,0,0,0,0,0,0,0,0,0,0,0,0
0,0.44,0.89,0,0.44,0,0,0,0,0,0,0.44,0,0,0,0.44,0,0.89,2.24,0,1.34,0,0,0,0,0,0,0,0,0,0,0,0,0,0,0,0,0,0,0
0,0.46,0.46,0,0.46,0.46,0.46,0,0,0,0.46,0.46,0,0,0,0.92,0,0.92,2.76,0,1.38,0,0.46,0,0,0,0,0,0,0,0,0,0,0,0,0,0,0,0,0.46
0,0,0.48,0,1.44,0,0.48,0,0,0,0,0.96,0,0,0,0.48,0.96,0,2.41,0,2.41,0,0.48,0,0,0,0,0,0,0,0,0,0,0,0,0,0,0,0,0
0,0.94,0.94,0,0,0,0,0,0,0.94,0,0,0,0,0,2.83,0,0,0.94,0,0.94,0,1.88,0,0,0,0,0,0,0,0,0,0,0,0,0,0,0,0,0
0,0,1.77,0,0,0,0,0,0,0,0,0.59,0,0,0,0,0,0.59,4.14,0,1.18,0,0,0,0,0,0,0,0,0,0,0,0.59,0,0,0,0,0,0,0
0.75,0.18,0.37,0,0.18,0.12,0,0.25,0.75,0.31,0.25,1.51,0.31,0.37,0,0.37,0.44,0.12,2.96,0.69,1.26,0,0.44,0.75,0,0,0,0,0,0,0,0,0,0,0,0,0.12,0,0,0.12
0,0.41,0.2,0,1.67,0.2,0.2,0,0,1.04,0.2,0,0.2,0,0,0.83,0.2,0,2.09,0,0.62,0,0.62,0,0,0,0,0,0,0,0,0,0,0,0,0,0,0,0,0
0,0,0,0,0,0,0,0,0,0,0,0,0,0,0,0,0,5.26,5.26,0,0,0,0,0,0,0,0,0,0,0,0,0,0,0,0,0,0,0,0,0
0,0,0,0,0,0,0,0,0,0,0,0,0,0,0,0,0,0,5.55,0,1.11,0,0,0,0,0,0,0,0,0,0,0,0,0,0,0,0,0,0,0
0,0,0.23,0,0,0,0.23,0,0,0.95,0,0.47,0,0.23,0,0.23,0.95,0,2.38,0,1.9,0,0,0.47,0,0,0,0,0,0,0,0,0,0,0,0.23,0.23,0,0,0
0,0.72,0.72,0,0,0,0,1.45,0,0,0.72,0,0,0,0,2.91,0,0.72,1.45,0,0,0,0.72,0,0,0,0,0,0,0,0,0,0,0,0,0,0,0,0,0
0,0,1.28,0,1.28,1.28,0,0,0,0,0,0,0,0,0,1.28,0,0,2.56,0,1.28,0,1.28,0,0,0,0,0,0,0,0,0,0,0,0,0,0,0,0,0
0,0,0,0,0,0,0,0,0,0,0,0,0,0,0,0,0,0,0,0,0,0,0,0,0,0,0,0,0,0,0,0,0,0,0,0,0,0,0,0
0,0.46,0.46,0,1.4,0,0.46,1.86,0,0.93,0.46,0,0,0,0,1.86,0,0,0.93,0.46,1.4,0,0,0.46,0,0,0,0,0,0,0,0,0,0,0,0,1.4,0,0,0.46
0,0,0.38,0,1.15,0.76,0,0,0,0,0,0.38,0.38,0,0,0.38,0,0.38,2.69,0,2.3,0,0,0.38,0,0,0,0,0,0,0,0,0,0,0,0,0,0,0,0
0,0.79,0,0,0,0,0,0,0,0,0,0,0,0,0,0.79,1.58,1.58,3.96,0,1.58,0,0,0,0,0,0,0,0,0,0,0,0,0,0,0,0,0,0,0
0.06,0.06,0.47,0,0.4,0,0,0,0.67,0.06,0,0.33,0.13,0,0,0.2,0,0,1.14,0.13,1.21,0,0,0.06,0,0,0,0,0.06,0,0,0,0,0,0,0,0,0,0,0
0,0,0,0,0,0,0,0,0,0,0,0,0,0,0,0,0,0,0,0,0,0,0,0,0,0,0,9.09,0,0,0,0,0,0,0,0,0,0,0,0
0,0.56,1.12,0,2.24,0,1.12,0,0,0,0,0.56,0.56,0,0,0.56,2.8,0,3.93,0,1.68,0,0,0,0,0,0,0,0,0,0,0,0,0,0,0,0,0,0,0
0.47,0.31,0.47,0,0.05,0.13,0.05,0.26,0.44,0.76,0.26,0.97,0.58,1.26,0,0.26,0.44,0,3.25,0,1.5,0,1.05,0.34,0,0,0,0,0,0,0,0,0,0,0,0,0,0,0,0
0.59,0.44,0.29,0,0.14,0.03,0.03,0.14,0.56,0.67,0.29,0.67,0.59,1.23,0.03,0.22,0.44,0.07,3.43,0,1.53,0,0.59,0.63,0,0,0,0,0,0,0,0,0,0,0.03,0,0,0,0,0
0.59,0.44,0.29,0,0.14,0.03,0.03,0.14,0.56,0.67,0.29,0.67,0.59,1.23,0.03,0.22,0.44,0.07,3.43,0,1.53,0,0.59,0.63,0,0,0,0,0,0,0,0,0,0,0.03,0,0,0,0,0
0.46,0,0.46,0,0,0,0,0.46,0,0,0,1.38,0,0,2.31,0,0.46,0.46,2.77,0,2.31,0,1.38,0,0,0,0,0,0,0,0,0,0,0,0,0,0,0,0,0.46
0,0,0.46,0,0,0,0.46,0,0,0,0.46,0,0,0,0,0,0,1.4,1.87,0,0,0.93,0.46,0,0,0,0,0,0,0,0,0,0,0,0,0,0,0,0,0
0,0.35,0.7,0,0.35,0,0,0,0,0,0,0.7,0,0,0,1.05,0,0.7,2.11,0,1.4,0,0,0,0,0,0,0,0,0,0,0,0,0,0,0,0,0,0,0
0,0.43,0.43,0,0.43,0,0,0,0,0,0,0.43,0,0,0,0.43,0,0.86,1.29,0,0.86,0,0,0,0,0,0,0,0,0,0,0,0,0,0,0,0,0,0,0
0,0,0,0,0,0.6,0,0,0,1.21,0,0,0,0,0,0.6,0,0,1.21,0,0,0,0.6,0,0,0,0,0,0,0,0,0,0,0,0,0,0,0,0,0
1.24,0.41,1.24,0,0,0,0,0,0,0,0,0.41,0,0,0,0.41,0,0.82,3.73,0,1.24,0,0,0.41,0,0,0,0,0,0,0,0,0,0,0,0,0,0,0,0
0,0,0,0,4.25,0,0.7,0,0,0,0,0,0,0,0,2.83,0,0,4.96,0,1.41,0,0,0,0,0,0,0,0,0,0,0,0,0,0,0,0,0,0,0
0,0,0.64,0,0,0.64,0,0,0,0,0,0,0,0,0,0.64,0,0,2.59,0,0,0,0.64,0,0,0,0,0,0,0,0,0,0,0,0,0,0.64,0,0,0
0,0,0,0,0,0,0,0,0,0,0,0,0,0,0,0,0,0,0,0,0,0,0,0,0,0,0,0,0,0,0,0,0,0,0,0,3.33,0,0,0
0,0,0.64,0,0,0.64,0,0,0,0,0,0,0,0,0,0.64,0,0,2.59,0,0,0,0.64,0,0,0,0,0,0,0,0,0,0,0,0,0,0.64,0,0,0
0,0,0,0,0,0,0,0,0,0,0,0,0,0,0,0,0,0,0,0,0,0,0,0,0,0,0,0,0,0,0,0,0,0,0,0,3.33,0,0,0
0,0,0.64,0,0,0.64,0,0,0,0,0,0,0,0,0,0.64,0,0,2.59,0,0,0,0.64,0,0,0,0,0,0,0,0,0,0,0,0,0,0.64,0,0,0
0,0,0,0,0,0,0,0,0,0,0,0,0,0,0,0,0,0,0,0,0,0,0,0,0,0,0,0,0,0,0,0,0,0,0,0,3.33,0,0,0
0,0,0,0,0,0.79,0,0,0,0,0,0,0,0,0,0.79,0,0,1.58,0,0,0,0.79,0,0,0,0,0,0,0,0,0,0,0,0,0,0.79,0,0,0
0,0,0,0,0,0,0,0,0,0,0,0,0,0,0,0,0,0,0,0,0,0,0,0,0,0,0,0,0,0,0,0,0,0,0,0,3.33,0,0,0
0,0,0,0,0,0,1.96,0,0,1.96,0,1.96,0,0,0,0,0,0,3.92,0,1.96,0,0,0,0,0,0,0,0,0,0,0,0,0,0,0,0,0,0,0
0,0,0,0,0,0,2.46,0,0,0,0,0,0,0,0,2.46,0,0,0,0,0,0,0,0,0,0,0,0,0,0,0,0,0,0,0,0,0,0,0,0
0,0,0,0,0,0.79,0,0,0,0,0,0,0,0,0,0,0,0,2.38,0,0,0,0,0,0,0,0,0,0,0,0,0,0,0,0,0,0,0,0,0
0,0,0.76,0,0.38,0,0.76,0,0,0,0,0.38,0,0,0,0,0,0.76,1.52,0,0.76,0,0,0,0,0,0,0,0,0,0,0,0,0,0,0,0,0,0,0
0,0,0,0,0.95,0,0,0,0,0,0,0,0,0,0,0,0,0.47,0.95,0,0.95,0,0,0,0,0,0,0,0,0,0,0,0,0,0,0,0,0,0,0
0.12,1.76,0.63,0,0.88,0,0.12,0.5,0.25,3.9,0.5,0.88,0.12,0,0,0.25,0.12,0,2.9,0.25,1.38,0,1.13,0.12,0,0,0,0,0,0,0,0,0,0,0,0,0,0,0,0
0,0,1.02,0,0.51,0,0,0,0,0,0,0,0,0,0,0.51,0,0,1.53,0,1.53,0,0,0,0,0,0,0,0,0,0,0,0,0,0,0,0,0,0,0
0.05,0.3,0.4,0,0.1,0.05,0,0.05,0.1,0,0,0.3,0.2,0,0.05,0,0,0.5,1.55,0.3,0.75,0,0.15,0.2,0.05,0.05,0,0,0,0,0,0,0,0,0,0,0,0,0,0
0.05,0.3,0.4,0,0.1,0.05,0,0.05,0.1,0,0,0.3,0.2,0,0.05,0,0,0.5,1.55,0.3,0.75,0,0.15,0.2,0.05,0.05,0,0,0,0,0,0,0,0,0,0,0,0,0,0
0,0,0,0,1.28,0,2.56,1.28,1.28,1.28,1.28,1.28,0,0,0,0,5.12,0,2.56,1.28,5.12,0,0,0,0,0,0,0,0,0,0,0,0,0,0,0,0,0,0,0
0,0.55,0.55,0,2.23,0,1.11,0,0,0,0,0.55,0.55,0,0,0.55,2.79,0,3.91,0,1.67,0,0,0,0,0,0,0,0,0,0,0,0,0,0,0,0,0,0,0
0.05,0.3,0.4,0,0.1,0.05,0,0.05,0.1,0,0,0.3,0.2,0,0.05,0,0,0.5,1.55,0.3,0.75,0,0.15,0.2,0.05,0.05,0,0,0,0,0,0,0,0,0,0,0,0,0,0
0.05,0.3,0.4,0,0.1,0.05,0,0.05,0.1,0,0,0.3,0.2,0,0.05,0,0,0.5,1.55,0.3,0.75,0,0.15,0.2,0.05,0.05,0,0,0,0,0,0,0,0,0,0,0,0,0,0
0.5,0.46,0.34,0,0.15,0.03,0,0.19,0.57,0.65,0.3,0.73,0.65,1.27,0.03,0.23,0.42,0,3.08,0,1.34,0,0.5,0.5,0,0,0,0,0,0,0,0,0,0,0,0,0,0,0,0
0,0.32,0.8,0,0.32,0,0.16,0,0,0.48,0.16,0,0.16,0,0.16,0.16,0,0.8,0.16,0.16,0.64,0,0,0,0,0,0,0.16,0,0,0,0,0.16,0,0,0,0,0,0,0
0,0,0,0,0.92,0,0.3,0,0,0,0,0,0,0,0,0,0,0,0.3,0,0.61,0,0.61,0,0,0,0,0,0,0,0,0,0,0,0,0,0,0,0,0
0.16,0,0.67,0,0.33,0.16,0.33,0.84,0.16,0.5,0.33,1.51,0,0,0,0,1.68,0.33,2.18,1.68,3.69,0,0,0.33,0,0,0,0,0,0,0,0,0,0,0,0,0,0,0,0.16
0.5,0,0.5,0,1.51,0,0,0,0,0,0.5,1.01,0,0,0,0,0,0,4.04,0,3.03,0,0,0,0,0,0,0,0,0,0,0,0,0,0.5,0,0,0,0,0
0,0,0,0,0,0,0.59,0,0,0,0,1.19,0,0,0,0,0,0.59,4.76,0,1.19,0,0,0.59,0,0,0,0,0,0,0,0,0,0,0,0,0,0,0,0
0,0,0,0,1.6,0,0.4,1.2,0,0.4,0,0.8,0,0,0,0,1.6,0.4,4,0,2,0,0,0,0,0,0,0,0,0,0,0,0,0,0,0,0,0,0,0
0.41,0,0.41,0,0,0.41,0,0,0,0,0,2.07,0,0,0,0.41,0,0,7.05,0,2.48,0,0.82,0.41,0,0,0,0,0,0,0,0,0,0,0,0,0,0,0,0
0,0,0.38,0,0.76,0,0.38,0,0,1.14,0,0,0,0,0,0.38,0.76,0,3.04,0,1.52,0,0.38,0,0,0,0,0,0,0,0,0,0,0,0,0,0,0,0,0
0,0,0,0,0.4,0.4,0.4,0.4,0,0,0.4,0,0,0,0,0.4,0,0,4,0,2,0,0,0.4,0,0,0,0,0,0,0,0,0,0,0,0,0,0,0,0
0,0,1.12,0,0.56,0,0,0,0,0.56,0,0,0,0,0,0.56,0,0,2.25,0,1.12,0,0,0,0,0,0,0,0,0,0,0,0,0,0,0,0,0,0,0
0,0,0.8,0,1.44,0.16,0.16,0,0,0,0,0.64,0.8,0,0,0,0.16,0.16,1.6,0,0.47,0,0.64,0,0,0,0,0,0,0,0,0,0,0,0,0,0,0,0,0
0,0,0,0,0,0,0,0,0,0,0,0,0,0,0,0,0,0,0,0,0,0,2.53,0,0,0,0,0,0,0,0,0,0,0,0,0,0,0,0,0
0,0.39,0.39,0,0.19,0,0,0.19,0,0,0.39,0.39,0,0,0,0.98,0.19,0.39,0.59,0,0.78,0,0.19,0,0,0,0,0,0,0,0,0,0,0,0,0,0,0,0,0.19
0,0.39,0.39,0,0.19,0,0,0.19,0,0,0.39,0.39,0,0,0,0.98,0.19,0.39,0.59,0,0.78,0,0.19,0,0,0,0,0,0,0,0,0,0,0,0,0,0,0,0,0.19
1,0,0.33,0,0.66,0.66,0,0,0,0,0,0.33,0.66,0,0,0.66,0.66,0,2.33,0,0.33,0,1.66,0.33,0,0,0,0,0,0,0,0,0,0,0,0,0,0,0,0
0,0,0,0,1.49,0,0,0,0,0,0,0,0,0,0,2.98,0,1.49,0,0,1.49,0,0,0,1.49,1.49,0,0,0,0,0,0,0,0,0,0,0,0,0,0
0,0,0,0,1.65,0,0,0,0.82,0,0,1.65,0,0,0,0.82,0,0,1.65,0,0.82,0,0,0,0,0,0,0,0,0,0,0,0,0,0,0,0,0,0,0
1,0,0.33,0,0.66,0.66,0,0,0,0,0,0.33,0.66,0,0,0.66,0.66,0,2.33,0,0.33,0,1.66,0.33,0,0,0,0,0,0,0,0,0,0,0,0,0,0,0,0
0,0,0,0,0,0,1.58,0,0,0,0,0,1.58,0,0,0,0,0,1.58,0,0,0,0,0,0,0,0,0,0,0,0,0,0,0,0,0,0,0,0,0
0.5,0.46,0.34,0,0.15,0.03,0,0.19,0.57,0.65,0.3,0.73,0.65,1.27,0.03,0.23,0.42,0,3.08,0,1.34,0,0.5,0.5,0,0,0,0,0,0,0,0,0,0,0,0,0,0,0,0
0,0,0,0,0,0,1.58,0,0,0,0,0,1.58,0,0,0,0,0,1.58,0,0,0,0,0,0,0,0,0,0,0,0,0,0,0,0,0,0,0,0,0
0,0,1.38,0,0,0,0,0,0,0,0,1.38,0,0,0,2.77,0,4.16,4.16,0,1.38,0,0,0,0,0,0,0,0,0,0,0,0,0,0,0,0,0,0,0
0,0,0,0,0,0,0,0,0,0,0,0,0,0,0,0,0,0,0,0,0,0,2.53,0,0,0,0,0,0,0,0,0,0,0,0,0,0,0,0,0
1,0,0.33,0,0.66,0.66,0,0,0,0,0,0.33,0.66,0,0,0.66,0.66,0,2.33,0,0.33,0,1.66,0.33,0,0,0,0,0,0,0,0,0,0,0,0,0,0,0,0
0,0.29,0.72,0,0.29,0,0.14,0,0,0.43,0.29,0,0.14,0,0.14,0.14,0,0.72,0.58,0.14,0.43,0,0,0,0,0,0,0,0,0,0,0,0,0,0,0,0,0,0,0.14
0.36,0,1.09,0,0,0,0,0,0,0,0,0.72,1.81,0,0,0,0,0,0.72,0,1.09,0,0,0.72,0,0,0,0,0,0,0,0,0,0,0,0,0,0,0,0
0,0,0.27,0,0.81,0.81,0,2.98,0.54,0.81,0.27,0.54,0.27,0,0,0.81,1.63,0.27,2.17,1.35,2.44,0,0,0.27,0,0,0,0,0,0,0,0,0,0,0,0,0,0,0,0
0.39,0,0.39,0,0,0.39,0,0,0,0,0,0.39,0.78,0,0,0,1.17,0.78,3.13,0,1.17,0,0,1.56,0,0,0,0,0,0,0,0,0,0,0,0,0,0,0,0
0,0.56,0.56,0,2.25,0,1.12,0,0,0,0,0.56,0.56,0,0,0.56,2.82,0,3.95,0,1.69,0,0,0,0,0,0,0,0,0,0,0,0,0,0,0,0,0,0,0
0.67,0,0.67,0,2.7,0,0,0,0,0,0,0,0,0,0,0,0.67,0.67,4.05,0,1.35,0,0,0,0,0,0,0,0,0,0,0,0,0,0,0,0,0,0,0
0,0,0.62,0,0.62,0,0,0,0,0.62,0,0,0,0,0,0.62,0,0,1.24,0,0.62,0,0,0,0,0,0,0,0,0,0,0,0,0,0,0,0,0,0,0
0,0,1.68,0,0.33,0,0,0,0,0.33,0,0,0,0,0,0.33,0,0,2.02,0,0.67,0,0,0,0,0,0,0,0,0,0,0,0,0,0,0,0,0,0,0
0,0,0,0,0,0,0,0,0,0,0,0,0,4.76,0,4.76,0,0,4.76,0,2.38,0,0,0,0,0,0,0,0,0,0,0,0,0,0,0,0,0,0,0
0,0,0,0,1.31,0,1.31,1.31,1.31,1.31,0,0,0,0,0,0,1.31,0,1.31,1.31,3.94,0,0,0,0,0,0,0,0,0,0,0,0,0,0,0,0,0,0,0
0,0,0,0,1.36,0.45,0.45,0,0,0,0,0,0.45,0,0,0.45,0.45,0.45,1.81,0,0.9,0,0,0,0,0,0,0,0,0,0,0,0,0,0,0,0,0,0,0
0.42,0,0,0,0.85,0.85,0,0,0,0.42,0,2.13,0,0,0,0,1.7,0,0.85,0,0.85,0,0,0.42,0,0,0,0,0,0,0,0,0,0,0,0.42,0,0,0,0
0,0,0,0,0.27,0,0,0,0,0.83,0,0,0,0,0,0,0,0,0.27,0,0.27,8.58,0,0,0,0,0,0,0,0,0,0,0,0,0,0,0,0,0,0
0,0,0,0,0.43,0,0,0,0,0.65,0,0,0,0,0,0.43,0,0.21,0.21,0,0.43,6.75,0,0,0.21,0.21,0,0,0,0,0,0,0,0,0,0,0,0,0,0
0.46,0,0.46,0,0,0,0,0.46,0,0,0,1.38,0,0,2.31,0,0.46,0.46,2.77,0,2.31,0,1.38,0,0,0,0,0,0,0,0,0,0,0,0,0,0,0,0,0.46
0.14,0.14,0.29,0,0.29,0.29,0,0.29,0,0,0.29,0,0.14,0,0,0.87,0.29,0.43,3.66,0,1.31,0,0,0,0,0,0,0,0,0,0,0,0,0,0,0,0.29,0,0,0
0,0.34,0.68,0,0,0,0.34,0,0,0.34,0,0,0,0,0.34,0.68,0,1.37,1.03,0,1.03,0,0,0,0,0,0,0,0,0,0,0,0,0,0,0,0,0,0,0
0.46,0,0.46,0,0,0,0,0.46,0,0,0,1.38,0,0,2.31,0,0.46,0.46,2.77,0,2.31,0,1.38,0,0,0,0,0,0,0,0,0,0,0,0,0,0,0,0,0.46
0.62,0,0.62,0,0,0,0.62,0,0,0,0,3.1,0,0,0,0,1.24,1.24,5.59,0,1.86,0,0,0.62,0,0,0,0,0,0,0,0,0,0,0,0,0,0,0,0
0,0,0,0,2.1,0,1.05,0,0,0,0,0,0,0,0,0,0,0,0,0,0,0,0,0,0,0,0,0,0,0,0,0,0,0,0,1.05,0,0,0,0
0,0.71,0.35,0,0.35,0,0,0,0,0,0,0.71,0,0,0,0.35,0,1.42,1.77,0,1.06,0,0,0,0,0,0,0,0,0,0,0,0,0,0,0,0,0,0,0
0,0.3,0.61,0,0.3,0,0.15,0,0,0.45,0.15,0,0.15,0,0.15,0.15,0,0.76,0.15,0.15,0.76,0,0,0,0,0,0,0,0,0,0,0,0,0,0,0,0,0,0,0.15
0,0,0,0,0,0,0.57,0,0,0.57,0,1.15,0.57,0,0,0,0,0.57,4.62,0,1.15,0,0,0.57,0,0,0,0,0,0,0,0,0,0,0,0,0,0,0,0
0.52,0,2.38,0,0.26,0,0.26,0,0.52,0,0.26,0,0,0,0,0.79,0,0,1.32,0,1.05,0,0,0.52,0,0,0,0,0,0,0,0,0.26,0,0,0.26,0.26,0,0.52,0
0.17,0,0.08,0,0.42,0.08,0.08,0.42,0.08,0.08,0,0.6,0.17,0.17,0,0,0.17,0.08,1.2,0,3.17,0,0.34,0.08,0,0,0,0,0,0,0,0,0,0,0,0,0,0,0,0
0,0,1,0,0.5,0,0,0,0,0.5,0,0,0,0,0,0.5,0,0,2.5,0,1.5,0,0,0,0,0,0,0,0,0,0,0,0,0,0,0,0,0,0,0
0,0,0.54,0,0.54,0,0,0,0,0.54,0,0,0,0,0,0.54,0,0,1.64,0,0.54,0,0,0,0,0,0,0,0,0,0,0,0,0,0,0,0,0,0,0
0,0,0,0,0,0.78,0,2.34,0,0.78,0.78,1.56,0,0,0,0,0.78,0,3.12,0,0.78,0,0.78,0,0,0,0,0,0,0,0,0,0,0,0,0,0,0,0,0
0,0,0,0,0,0,0,2.04,0,0,1.02,0,0,0,0,0,0,0,4.08,0,1.02,0,1.02,0,0,0,0,0,0,0,0,0,0,0,0,0,0,0,0,0
0,0,0,0,0,0,0,0,0,0,0,0,0,0,0,0,0,0,0,18.18,0,0,0,0,0,0,0,0,0,0,0,0,0,0,0,0,0,0,0,0
0.44,0,0,0,0.89,0,0,0,0,0.44,0,1.34,0,0,0,0.44,0,0,4.03,0,1.79,0,0,0.44,0,0,0,0,0,0,0,0,0,0,0,0,0,0,0,0
0,0.66,0.66,0,0.33,0,0,0,0,0,0,0.66,0,0,0,0.33,0,1.32,2.64,0,1.32,0,0,0,0,0,0,0,0,0,0,0,0,0,0,0,0,0,0,0
0,0,0,0,0,0,0,2.04,0,0,1.02,0,0,0,0,0,0,0,4.08,0,1.02,0,1.02,0,0,0,0,0,0,0,0,0,0,0,0,0,0,0,0,0
0.34,0.25,0.25,0,0.08,0.43,0.08,0.25,0.08,1.46,0.34,0.51,0.94,0,0.17,0.08,0,0,3.01,0,0.77,0.17,0.34,0.34,0,0,0,0,0,0,0,0,0,0,0,0,0,0,0,0
0.34,0.26,0.26,0,0.08,0.43,0.08,0.26,0.08,1.47,0.34,0.52,0.95,0,0.17,0.08,0,0,3.03,0,0.78,0,0.34,0.34,0,0,0,0,0,0,0,0,0,0,0,0,0,0,0,0
0.43,0,0,0,0.87,0.87,0,0,0,0.43,0,2.18,0,0,0,0,1.74,0,0.87,0,0.87,0,0,0.43,0,0,0,0,0,0,0,0,0,0,0,0.43,0,0,0,0
0.44,0,0,0,0.89,0,0,0,0,0.44,0,1.33,0,0,0,0.44,0,0,4.46,0,1.78,0,0,0.44,0,0,0,0,0,0,0,0,0,0,0,0,0,0,0,0
0,0,0,0,0,0,0,0,0,0.36,0,0,0,0,0,0,0,0,2.53,0,0,0,0,0,0,0,0,0,0,0,0,0,0,0,0,0,0,0,0,0
0,0,0,0,0,0,0,0,0,0,0,0,0,0,0,0,0,0,0,0,0,0,0,0,0,0,0,0,0,0,0,0,0,0,0,0,0,0,0,0
0,0.41,0.53,0,0.11,0.05,0,0.05,0.11,0,0,0.17,0.05,0,0,0.05,0,0.53,1.19,0.35,0.53,0,0.23,0.23,0,0,0,0,0,0,0,0,0,0,0,0,0,0,0,0
0,0,0,0,6.25,0,3.12,0,0,0,0,3.12,0,3.12,0,3.12,0,0,6.25,0,0,0,0,0,0,0,0,0,0,0,0,0,0,0,0,0,0,0,0,0
2.12,0,0,0,0.53,0.53,0,0,0,1.59,0,1.59,0,0,0,1.59,0.53,0.53,6.91,0,1.59,0,0.53,0.53,0,0,0,0,0,0,0,0,0,0,0,0,0,0,0,0
0,0,0,0,1.4,0.46,0.93,0,0,0,0,0,0.46,0,0,0.46,0.46,0,1.87,0,1.4,0,0,0,0,0,0,0,0,0,0,0,0,0,0,0,0,0,0,0
0,1.12,0.56,0,0.56,0.56,1.12,1.12,0,0,0.56,2.25,0,0,0,2.25,0,1.12,2.25,0,2.82,0,0.56,0,0,0,0,0,0,0,0,0,0,0,0,0,0,0,0,0
0,0,1.32,0,0.66,0,0,0,0,0,0,0.66,0,0,0,0,0.66,0,5.29,2.64,5.29,0,0,1.32,0,0,0,0,0,0,0,0,0,0,0,0,0,0,0,0.66
0,0.8,0,0,0.8,0,0,0,0,0.8,0,0.8,0,0,0,1.61,0,0.8,0.8,0,2.41,0,0,0,0,0,0,0,0,0,0,0,0,0,0,0,0,0,0,0
0,0.29,0.87,0,0.29,0,0.14,0,0,0.43,0.14,0,0.14,0,0.14,0.14,0,0.72,0.43,0.14,0.58,0,0,0,0,0,0,0,0,0,0,0,0,0,0,0,0,0,0,0.14
0.17,0,0.08,0,0.42,0.08,0.08,0.42,0.08,0.08,0,0.6,0.17,0.17,0,0,0.17,0.08,1.2,0,3.17,0,0.34,0.08,0,0,0,0,0,0,0,0,0,0,0,0,0,0,0,0
0,0,0,0,0,0,0,0,0,0.81,0,0.81,0,0,0,0,0,0,1.63,0,0.81,0,0,0,0,0,0,0,0,0,0,0,0,0,0,0,0,0,0,0
0.54,0,1.08,0,0.54,0,1.08,0,0,0,0,0.54,0,0,0,0.54,0.54,0,4.32,0,1.08,0,1.62,0,0,0,0,0,0,0,0,0,0,0,0,0,0,0,0,0
0.17,0,0.08,0,0.42,0.08,0.08,0.42,0.08,0.08,0,0.6,0.17,0.17,0,0,0.17,0.08,1.2,0,3.17,0,0.34,0.08,0,0,0,0,0,0,0,0,0,0,0,0,0,0,0,0
0.53,0,1.07,0,0.53,0,1.07,0,0,0,0,0.53,0,0,0,0.53,0.53,0,4.3,0,1.07,0,1.61,0,0,0,0,0,0,0,0,0,0,0,0,0,0,0,0,0
0.51,0.51,0,0,0,0,0.51,0,0,0.51,0,0,0,0,0.51,2.07,0,2.07,1.03,0,1.03,0,0,0,0,0,0,0,0,0,0,0,0,0,0,0,0,0,0,0
0,0.54,0.54,0,2.19,0,1.09,0,0,0,0,0.54,0.54,0,0,0.54,3.29,0,3.84,0,1.64,0,0,0,0,0,0,0,0,0,0,0,0,0,0,0,0,0,0,0
0,0,0.38,0,1.15,0,0,0,0,0.77,0,0.38,0,0,0,0.38,0.77,0,2.7,0,1.15,0,0.38,0,0,0,0,0,0,0,0,0,0,0,0,0,0,0,0,0
0,0,0.39,0,1.17,0,0,0,0,0.78,0,0.39,0,0,0,0.39,0.78,0,2.73,0,1.17,0,0.39,0,0,0,0,0,0,0,0,0,0,0,0,0,0,0,0,0
0.43,0,0.43,0,0.43,0,0.86,0,0,0,0,0.43,0,0,0,0,0.86,0.43,1.29,0,4.76,0,0,1.29,0,0,0,0,0,0,0,0,0,0,0,0,0,0,0,0
0.45,0,0,0,0.68,0.45,0,0.45,0,0.22,0.22,0,1.6,0,0.45,0,0.91,1.83,1.83,0,0.68,0,1.6,0,0,0,0,0,0,0,0,0,0,0,0,0,0,0,0,0.91
0,0,1.12,0,0.56,0,0,0,0,0.56,0,0,0,0,0,0.56,0,0,2.25,0,1.12,0,0,0,0,0,0,0,0,0,0,0,0,0,0,0,0,0,0,0
0,0,0.55,0,0.55,0,0,0,0,0.55,0,0,0,0,0,0.55,0,0,1.67,0,0.55,0,0,0,0,0,0,0,0,0,0,0,0,0,0,0,0,0,0,0
0,0,1.31,0,0.65,0,0,0,0,0,0,0.65,0,0,0,0,0,0,5.26,1.97,4.6,0,0,1.31,0,0,0,0,0,0,0,0,0,0,0,0,0,0,0,0.65
0,0,0.61,0,0,0,0.61,0,0,0,0,0,0,0,0,0,1.23,1.85,2.46,0,1.23,0,0,0,0,0,0,0,0,0,0,0,0,0,0,0,0,0,0,0
0.22,0.22,0.22,0,1.77,0.22,0.44,0.44,0.22,2.88,0,0.88,0.22,0,1.11,0.44,0,0.44,3.33,0,3.33,0,0.44,0.44,0,0,0,0,0,0,0,0,0,0,0,0,0,0,0,0.44
0.34,0.42,0.25,0,0.08,0.42,0.08,0.25,0.08,1.63,0.34,0.51,0.94,0,0.17,0.08,0,0,3,0,0.94,0,0.34,0.34,0,0,0,0,0,0,0,0,0,0,0,0,0,0,0,0
0,0,0,0,0,0,1.04,0,0,0,0,0,0,0,0,2.08,0,0,2.08,0,2.08,0,0,0,0,0,0,0,0,0,0,0,0,0,0,0,0,0,0,0
0,0,0,0,0,0,1.33,0,0,0,0,0,0,0,0,0,0,0,1.33,0,5.33,0,0,0,0,0,0,0,0,0,0,0,0,0,0,0,0,0,0,0
0.54,0,1.08,0,0.54,0,1.08,0,0,0,0,0.54,0,0,0,0.54,0.54,0,4.32,0,1.08,0,1.62,0,0,0,0,0,0,0,0,0,0,0,0,0,0,0,0,0
0,0,0,0,2.5,0,0,0,0,0,0,0.62,0,0,0,0,1.25,0,3.12,0,0.62,0,0,0,0,0,0,0,0,0,0,0,0,0,0,0,0,0,0,0
0,0.9,0,0,0,0,0,0,0,0,0,0,0,0,0,0.9,0,1.81,3.63,0,2.72,0,0,0,0,0,0,0,0,0,0,0,0,0,0,0,0,0,0,0
0.07,0.02,0.15,0,0.25,0.2,0,0.02,0.15,0,0,0.25,0.25,0.07,0,0.05,0.22,0,0.05,0,0.02,0,0.37,0.02,0,0,0,0,0.02,0,0,0,0,0,0,0.05,0.3,0.02,0,0.02
0.07,0.02,0.15,0,0.25,0.2,0,0.02,0.15,0,0,0.25,0.25,0.07,0,0.05,0.22,0,0.05,0,0.02,0,0.37,0.02,0,0,0,0,0.02,0,0,0,0,0,0,0.05,0.3,0.02,0,0.02
0.17,0.26,1.07,0,0.35,0.62,0.53,0.17,0.62,0.8,0.26,1.25,0.17,0,0.62,0.62,0.08,1.43,2.5,0.17,1.16,0,0.89,0.08,0,0,0,0,0,0,0,0,0,0,0,0,0,0,0,0.08
0,0,0.48,0,0.96,0,0,0,0.48,0,0,0,0,0,0,0.96,0.96,0,1.44,0,0.48,0,0.96,0,0,0,0,0,0,0,0,0,0,0,0,0,0,0,0,0
0.46,0,0.46,0,0,0,0,0.46,0,0,0,1.38,0,0,2.31,0,0.46,0.46,2.77,0,2.31,0,1.38,0,0,0,0,0,0,0,0,0,0,0,0,0,0,0,0,0.46
1.03,0,0.68,0,1.03,0,0.68,0,0,0.68,0,0.68,0,0,0.34,0.68,0,0,5.86,0,1.37,0,0.34,0.34,0,0,0,0,0,0,0,0,0,0,0,0,0,0,0,0
0,0,0.18,0,0.18,0,0,0,0.54,0.36,0.36,0.9,0,0.36,0,0.72,0,0.18,2.7,0.18,0.72,0,0,0.54,0,0,0,0,0,0,0,0,0,0,0,0,0,0.36,0,0
0.26,0.26,0.52,0,0.39,0,0.39,0.13,0,0.26,0,0.78,0.26,0,0,1.57,0,0.26,2.61,0,1.57,0,0.13,0.39,0,0,0,0,0,0,0,0,0,0,0,0,0.13,0,0,0
0,0,0.32,0,0.65,0.65,0.32,0.32,0,0,0,0.32,0.32,0,0,0.32,0.32,0,2.28,0,3.25,0,0,0.32,0,0,0,0,0,0,0,0,0,0,0,0,0,0,0,0
0,0,0.32,0,0.64,0.64,0.32,0.32,0,0,0,0.32,0.32,0,0,0.32,0.32,0,2.27,0,3.24,0,0,0.32,0,0,0,0,0,0,0,0,0,0,0,0,0,0,0,0
0.19,0.19,0.39,0,0.19,0,0,0.59,0,0,0,0.39,0,0,0,0.59,0.39,1.37,4.52,0,3.14,0,0,0.19,0,0,0,0,0,0,0,0,0,0,0,0,0.19,0,0,0
0.46,0,0,0,0.69,0.46,0,0.46,0,0.23,0.23,0,1.61,0,0.46,0,0.92,1.84,1.84,0,0.69,0,1.61,0,0,0,0,0,0,0,0,0,0,0,0,0,0,0,0,0.92
0,0,0.71,0,0.71,0,0,0,0,0,0,0,0,0,0,0.71,0,0,1.42,0,0.71,0,0,0,0,0,0,0,0,0,0,0,0,0,0,0,0,0,0,0
0,1.49,0,0,0,0,2.98,0,0,1.49,0,0,0,0,0,1.49,2.98,0,0,0,2.98,0,0,0,0,0,0,0,0,0,0,0,0,0,0,0,0,0,0,0
0,0,0.16,0,0.33,0,0.16,0,0.5,0,0.16,0,0,0,0,0.5,0,1.5,0.66,0,0,0,0,0,0.33,0,0,0,0,0,0,0,0,0,0,0,0,0,0,0
0,0,1.1,0,0.55,0,0,0,0,0.55,0,0,0,0,0,0.55,0,0,2.2,0,1.1,0,0,0,0,0,0,0,0,0,0,0,0,0,0,0,0,0,0,0
0.16,0.32,0.65,0,0.32,0,0.16,0,0,0.49,0.16,0,0.16,0,0.16,0.16,0,0.81,0.32,0.16,0.98,0,0,0,0,0,0,0,0,0,0,0,0,0,0,0,0,0,0,0.16
0,0,0.72,0,1.81,0,0,0,0,0.36,0,0.36,0,0,0,0,0.72,0,0.72,0,0.36,0,0,0,0,0,0,0,0,0,0,0,0.36,0,0,0,0,0,0,0
0.84,0.84,0,0,0,0,1.69,0,0.84,0.84,0,0.84,0,0,0,10.16,0.84,0,0.84,0,2.54,0,0,0.84,0,0,0,0,0,0,0,0,0,0,0,0,0,0,0,0
0,0,0,0,0,0,0,0,0,0,0,0,0,0,0,0,0,0,1.29,0,0.64,0,0,0,0,0,0,0,0,0,0,0,0,0,0,0,0,0,0,0
0,0,0,0,0,0,0,0,0,0,0,0,0,0,0,0,0,0,1.29,0,0.64,0,0,0,0,0,0,0,0,0,0,0,0,0,0,0,0,0,0,0
0.17,0,0.08,0,0.43,0.08,0.08,0.43,0.08,0.08,0,0.6,0.17,0.17,0,0,0.17,0.08,1.2,0,3.14,0,0.34,0.08,0,0,0,0,0,0,0,0,0,0,0,0,0,0,0,0
0,0.54,0.54,0,1.09,0.54,2.18,0,0,0.54,0,0.54,0,0,0,0,0,0.54,3.27,0,1.09,0,0,0,0,0,0,0,0,0,0,0,0,0,0,0,0,0,0,0
0,0,0.42,0,0,0,0,0,0,0,0,0.85,0,0,0,0.85,0,0.85,4.7,0,0.85,5.55,0,0,0,0,0,0,0,0,0,0,0,0,0,0,0.42,0,0,0
0,0,0,0,0,0,0,0,0,0,0,0,0,0,0,1.05,0,0,0,0,2.1,0,0,0,0,0,0,0,0,0,0,0,0,0,0,0,0,0,0,0
0,0,0.45,0,0.22,0.22,0,0,0.67,0.45,0.22,0.9,0,0,0,0.22,0,0,1.35,0,1.12,0.22,0.22,0.22,0,0,0,0,0,0,0,0,0,0,0,0.45,0,0,0,0
0,0.55,0.55,0,1.11,0.55,2.23,0,0,0.55,0,0.55,0,0,0,0,0,0.55,3.35,0,1.11,0,0,0,0,0,0,0,0,0,0,0,0,0,0,0,0,0,0,0
0,0,0,0,0,1.12,0,2.24,0,0,1.12,1.12,0,0,0,0,0,0,4.49,0,0,0,1.12,0,0,0,0,0,0,0,0,0,0,0,0,0,0,0,0,0
0,0,0.32,0,0.65,0.65,0.32,0.32,0,0,0,0.32,0.32,0,0,0.32,0.32,0,2.28,0,3.26,0,0,0.32,0,0,0,0,0,0,0,0,0,0,0,0,0,0,0,0
0,0,1.43,0,0.71,0,0,0.71,0,0.71,0,0,0,0,0,0,2.87,2.87,1.43,0,3.59,0,0,0,0,0,0,0,0,0,0,0,0,0,0,0,0,0,0,0
0,0.55,0.55,0,1.11,0.55,2.23,0,0,0.55,0,0.55,0,0,0,0,0,0.55,3.35,0,1.11,0,0,0,0,0,0,0,0,0,0,0,0,0,0,0,0,0,0,0
0,0,0,0,0,0,1.07,0,0,0,0,0,0,0,0,2.15,0,0,0,0,2.15,0,0,0,0,0,0,0,0,0,0,0,0,0,0,0,0,0,0,1.07
0,0,0.47,0,0.95,0,0,0,0.47,0,0,0,0,0,0,0.95,0.95,0,1.42,0,0.47,0,0.95,0,0,0,0,0,0,0,0,0,0,0,0,0,0,0,0,0
0,0,0.15,0,0.31,0,0.15,0,0.63,0.15,0.15,0,0,0,0,1.11,0,1.27,0.79,0,0,0,0,0,0.95,0,0,0,0,0,0,0,0,0,0,0,0.31,0,0,0.15
0,0,0,0,0,0,0,0,0,0,0,0,0,0,0,0,0,0,0.39,0,0.39,0,0,0,3.58,0.39,0,0,0,0.39,0,0,0,0,0,0,0,0,0,0
0,0,0,0,0,2.3,0,0,0,0,0,0.76,0.76,0,0,0,0,0,2.3,0,1.53,0,0,0,0,0,0,0,0,0,0,0,0,0,0,0,0,0,0,0
0.08,0.16,0.32,0,1.38,0.16,0.08,0,0.24,0.08,0,1.3,0,0.08,0,0.48,0.08,0.08,3.5,0,0.73,0,0.08,0.16,0,0,0,0,0,0,0,0,0,0,0.08,0,0,0,0,0
0.48,0.2,0.55,0,0.27,0.2,0,0.27,0.27,0.97,0.41,1.04,0.13,0,0,1.11,0.69,0.06,2.37,0,1.04,0,0.06,0.69,0,0,0,0,0,0,0,0,0,0,0,0,0,0,0,0.06
0.48,0.2,0.55,0,0.27,0.2,0,0.27,0.27,0.97,0.41,0.97,0.13,0,0,1.11,0.69,0.06,2.23,0,0.97,0,0.06,0.69,0,0,0,0,0,0,0,0,0,0,0,0,0,0,0,0.06
0,0,0,0,0,0,0,0,0,0,0,0,0,0,0,4,0,0,0,0,0,0,0,0,0,0,0,0,0,0,0,0,0,0,0,0,0,0,0,0
0,0,1.42,0,0.71,0,0,0.71,0,0.71,0,0,0,0,0,0,2.85,2.85,1.42,0,3.57,0,0,0,0,0,0,0,0,0,0,0,0,0,0,0,0,0,0,0
0.8,0,0.8,0,1.6,0,0,0,0,0,0,0,0,0,0,0.8,0.8,0,1.6,0,2.4,0,0.8,0,0,0,0,0,0,0,0,0,0,0,0,0,0,0,0,0
0,0,0.33,0,0.99,0.99,0.33,0.33,0,0,0,0.33,0.33,0,0,0.33,0.33,0,1.98,0,3.3,0,0,0.33,0,0,0,0,0,0,0,0,0,0,0,0,0,0,0,0
0.07,0.37,0.81,0,0.51,0.29,0.07,0,0.07,0.37,0.07,1.48,0.14,0,0.07,0,0.14,0.44,3.55,0,1.85,0,0,0.14,0,0,0,0,0,0,0,0,0,0,0,0,0.14,0,0,0
0,0,0.33,0,0.99,0.99,0.33,0.33,0,0,0,0.33,0.33,0,0,0.33,0.33,0,1.98,0,3.3,0,0,0.33,0,0,0,0,0,0,0,0,0,0,0,0,0,0,0,0
0,0,0.15,0,0.31,0,0.15,0,0.63,0.15,0.15,0,0,0,0,1.11,0,1.27,0.79,0,0,0,0,0,0.95,0,0,0,0,0,0,0,0,0,0,0,0.31,0,0,0.15
0,0,0.62,0,1.24,0.62,0,0,0,0,0,0,0,0,0,0.31,0,0,2.48,0,0.93,0,0.31,0,0,0,0,0,0,0,0,0,0,0,0,0,0.31,0,0,0
0,0.34,0.69,0,0.34,0,0.17,0,0,0.51,0.17,0,0.17,0,0.17,0.17,0,0.86,0.17,0.17,0.86,0,0,0,0,0,0,0,0,0,0,0,0,0,0,0,0,0,0,0.17
0,0.79,0,0,0,0,0,0,0,0,0,0,0,0,0,0.79,0.79,1.58,3.17,0,1.58,0,0,0,0,0,0,0,0,0,0,0,0,0,0,0,0,0,0,0
0.14,0.14,0.29,0,0,0,0,0,1.17,0.29,0.14,0.58,0,0,0,0.14,0,0.14,2.35,0.14,0.88,0,0,0.44,0,0,0,0,0,0,0,0,0,0,0,0,0,0.29,0,0
0,0,0,0,1.11,0,0,0,0,0,0,0,0,0,0,0,0,0,2.22,0,3.33,0,0,0,0,0,0,0,0,0,0,0,0,0,0,0,0,0,0,0
0,0,1,0,0,0.25,0,0.25,0,0,0,1.5,0.25,0,0,0.25,0.5,0,2.5,0,1.5,0,0,0.25,0,0,0,0,0,0,0,0,0,0,0,0,0,0,0,0
0.58,0,0,0,2.33,0,1.16,0,0,0,0.58,0,0,0.58,0,0.58,0,0.58,2.92,1.16,2.92,0,0,0,0,0,0,0,0,0,0,0,0,0,0,0,0,0,0,0
0.14,0.14,0.29,0,0,0,0,0,1.17,0.29,0.14,0.58,0,0,0,0.14,0,0.14,2.35,0.14,0.88,0,0,0.44,0,0,0,0,0,0,0,0,0,0,0,0,0,0.29,0,0
0.14,0.14,0.29,0,0,0,0,0,1.17,0.29,0.14,0.58,0,0,0,0.14,0,0.14,2.35,0.14,0.88,0,0,0.44,0,0,0,0,0,0,0,0,0,0,0,0,0,0.29,0,0
0,0,0.58,0,1.17,0,0.58,0,0,0,0,0.58,0,0,0,0.58,0,0,1.76,0,0,0,0,0,0,0,0,0,0,0,0,0,0,0,0,0,0,0,0,0
0.25,0.25,0,0,0.75,0,0,0,0.25,0.75,0,1.51,0,1.26,0,0,0.5,0,3.29,0,1.01,0,0,0,0,0,0,0,0,0,0,0,0.25,0,0,0,0,0,0,0
0,0,0,0,6.25,0,3.12,0,0,0,0,3.12,0,0,0,0,0,0,6.25,0,0,0,0,0,0,0,0,0,0,0,0,0,0,0,0,0,0,0,0,0
0,0.57,0.57,0,1.14,0.57,2.28,0,0,0.57,0,0.57,0,0,0,0,0,0.57,3.42,0,1.14,0,0,0,0,0,0,0,0,0,0,0,0,0,0,0,0,0,0,0
0,0.17,0,0,0,0,0.17,0.52,0,0.17,0.35,0.52,0,0,0,0,0.17,0.7,0.88,0,0.7,1.93,0.35,0,0,0,0,0,0,0,0,0,0,0,0,0,0,0,0,0
0,0,0.47,0,0.95,0,0,0,0.47,0,0,0,0,0,0,0.95,0.95,0,1.42,0,0.47,0,0.95,0,0,0,0,0,0,0,0,0,0,0,0,0,0,0,0,0
0,0.57,0.57,0,1.14,0.57,2.28,0,0,0.57,0,0.57,0,0,0,0,0,0.57,3.42,0,1.14,0,0,0,0,0,0,0,0,0,0,0,0,0,0,0,0,0,0,0
0,0.34,0.69,0,0.34,0,0.17,0,0,0.51,0.17,0,0.17,0,0.17,0.17,0,0.86,0.34,0.17,0.51,0,0,0,0,0,0,0,0,0,0,0,0,0,0,0,0,0,0,0
0,0.57,0.57,0,1.14,0.57,2.28,0,0,0.57,0,0.57,0,0,0,0,0,0.57,3.42,0,1.14,0,0,0,0,0,0,0,0,0,0,0,0,0,0,0,0,0,0,0
0,1.63,0,0,0,0,3.27,0,0,0,0,0,0,0,0,1.63,1.63,0,0,0,1.63,0,0,0,0,0,0,0,0,0,0,0,0,0,0,0,1.63,0,0,0
0,0,0.14,0,0.29,0,0.14,0,0.58,0,0.29,0,0,0,0,0.87,0,1.46,0.58,0,0,0,0,0,0,0,0,0.43,0,0,0,0,0,0,0,0,0.29,0,0,0
0,0.38,0.76,0,0.38,0,0.19,0,0,0.57,0.19,0,0.19,0,0.19,0.19,0,0.95,0.19,0.19,0.95,0,0,0,0,0,0,0,0,0,0,0,0,0,0,0,0,0,0,0.19
0.4,0,0.6,0,0.2,0.6,0.2,0.6,0.2,0.2,0.2,1.2,0,0,0,0.4,1.61,0.4,2.21,1.81,2.62,0,0.2,0.6,0,0,0,0,0,0,0,0,0,0,0,0,0,0,0,0
0,0,0,0,0,0,0,0,0.91,0,0,0,0,0,0,0,0,0,0.91,0,2.75,0,0,0,0,0,0,0,0,0,0,0,0,0,0,0,0,0,0,0
0,0,0.15,0,0.3,0,0.15,0,0.61,0,0.3,0,0,0,0,0.92,0,1.53,0.61,0,0,0,0,0,0,0,0,0,0,0,0,0,0,0,0,0,0.3,0,0,0
0,0.52,0.52,0,0.52,0,0,0,0,0,0,0,0,0,0,0.52,0,0,1.56,0,0,0,0,0,0,0,0,0,0,0,0,0,0,0,0,0,0,0,0,0
0,0,0.85,0,0.42,0,0,0,0,0,0,0,0,0,0,0.42,0,0,2.14,0,1.28,0,0,0,0,0,0,0,0,0,0,0,0,0,0,0,0,0,0,0
0.18,0,0.18,0,1.57,0.36,0.06,0.06,0.06,0.12,0.06,0.54,0.3,0.06,0,0,0.72,0.06,4.48,0.24,1.15,0,0.84,0.06,0,0,0,0,0,0,0,0,0,0,0,0,0,0,0,0
0.1,0.1,0.73,0,0.2,0.1,0.2,0.62,0.1,0.31,0.31,1.04,0,0,0,0.1,1.14,0.31,2.4,0.93,2.92,0,0,0.2,0.1,0.1,0,0,0,0,0,0,0,0,0,0,0.1,0,0.1,0.1
0,0,0,0,0,0,5.4,0,0,0,0,0,0,0,0,5.4,0,0.9,1.8,0,0.9,0,0,0,0,0,0,0,0,0,0,0,0,0,0,0,0,0,0,0
0.17,0.17,0.71,0,0.53,0.17,0.17,0.89,0.17,0.53,0.35,1.61,0,0,0,0,1.79,0,1.97,1.61,4.12,0,0,0.35,0,0,0,0,0,0,0,0,0,0,0,0,0,0,0,0.17
0.08,0.17,0.34,0,1.46,0.17,0.08,0,0.25,0.08,0,1.37,0,0.08,0,0.51,0.08,0.08,3.43,0,0.77,0,0.08,0.17,0,0,0,0,0,0,0,0,0,0,0,0,0,0,0,0
0,0.46,0,0,1.15,0,0.23,0.23,0,0.46,0,0.69,0.23,0,0,0,0.69,0.69,2.76,0,1.84,0,0,0.23,0,0,0,0,0,0,0,0,0,0,0,1.15,0,0,0,0
0,0,0.39,0,0.78,0,0,0.06,0.06,0.19,0.13,0.26,0.13,0,0,0,0,0,0.32,0,0.06,0,0,0,0,0,0,0,0,0.06,0,0,0,0,0,0,0,0,0,0
0,0,0,0,0,0,0,1.05,0,0,0.52,1.05,0.52,0,0,1.05,0,0,3.7,1.05,1.05,0,1.58,0.52,0,0,0,0,0,0,0,0,0,0,0,0,0,0,0,0
0,0,0.32,0,0.64,0.64,0.32,0.64,0,0,0,0.32,0.32,0,0,0.32,0.32,0,2.27,0,3.24,0,0,0.32,0,0,0,0,0,0,0,0,0,0,0,0,0,0,0,0
0.54,0,0.54,0,1.63,0,0,0,0,0,0,0.54,0,0,0,0.54,0.54,0,2.17,0,5.97,0,0.54,0,0,0,0,0,0,0,0,0,0,0,0,0,0,0,0,0
1.63,0,1.63,0,0,0,0,0,1.63,0,0,0,0,0,0,1.63,0,0,3.27,0,3.27,0,0,0,0,0,0,0,0,0,0,0,0,0,0,0,0,0,0,0
0,1.32,0.56,0,0,0.94,0,0.18,0.37,0.75,0,2.07,0,0,0,0,0.37,0,2.45,0,0.94,0,0,0.18,0,0,0.18,0,0,0,0,0,0,0,0,0,0,0,0,0
0.35,0,0.35,0,0.35,0.7,0.35,1.41,0,0,0.35,1.06,0,0,0,0.7,1.06,0,5.3,2.82,2.82,0,0,0,0,0,0,0,0,0,0,0,0,0,0,0,0,0,0,0
0.34,1.03,0.34,0,1.03,0,2.41,0.34,0,1.72,2.06,2.06,0.68,0,0.34,0,0,3.44,4.13,0,2.06,0,0,0,0,0,0,0,0,0,0,0,0,0,0,0,0,0,0,0
0,1.32,0.56,0,0,0.94,0,0.37,0.37,0.75,0,2.07,0,0,0,0,0.37,0,2.45,0,0.94,0,0,0.18,0,0,0.18,0,0,0,0,0,0,0,0,0,0,0,0,0
0.64,0,0.64,0,1.28,0,0.64,0,0,0,0,0.64,0,0,0,0.64,0.64,0,1.28,0,3.2,0,0.64,0,0,0,0,0,0,0,0,0,0,0,0,0,0,0,0,0
0,0,0.32,0,0.65,0.65,0.32,0.32,0,0,0,0.32,0.32,0,0,0.32,0.32,0,2.28,0,3.26,0,0,0.32,0,0,0,0,0,0,0,0,0,0,0,0,0,0,0,0
0.64,0,0.64,0,1.28,0,0.64,0,0,0,0,0.64,0,0,0,0.64,0.64,0,1.28,0,2.56,0,0.64,0,0,0,0,0,0,0,0,0,0,0,0,0,0,0,0,0
0,0,0.56,0,0,0.18,0,0,0,1.32,0,0.75,0.75,0.18,0,0.18,0,0,0.94,0,0,0,0.18,0,0,0,0,0,0,0,0,0,0,0,0,0,0,0,0,0
0,0,0,0,0,0,0,0,0.91,0,0,0,0,0,0,0,0,0,0.91,0,2.75,0,0,0,0,0,0,0,0,0,0,0,0,0,0,0,0,0,0,0
0,0,0,0,0,0,0,0,0,0,0,1.81,0,0,0,0,0,0,0,0,1.81,0,0,0,0,0,0,0,0,0,0,0,0,0,0,0,0,0,0,0
0,0,0,0,1.29,0.43,0.43,0,0,0,0,0,0.43,0,0,0.43,0.43,0.43,1.72,0,0.86,0,0,0,0,0,0,0,0,0,0,0,0,0,0,0,0,0,0,0
0,0,0.86,0,0.43,0,0,0,0,0,0,0,0,0,0,0.43,0,0,2.17,0,1.3,0,0,0,0,0,0,0,0,0,0,0,0,0,0,0,0,0,0,0
0,0.68,0.34,0,0.34,0,0,0,0,0,0,0.68,0,0,0,0.34,0,1.37,1.72,0,1.03,0,0,0,0,0,0,0,0,0,0,0,0,0,0,0,0,0,0,0
0,0,0.16,0,0.16,0,0.16,0,0.65,0.16,0.16,0,0,0,0,1.64,0,0.65,0.82,0,0,0,0,0,0,0,0,0,0,0,0,0,0,0,0,0,0,0,0,0.16
0.18,0,0.18,0,1.57,0.36,0.06,0.06,0.06,0.12,0.06,0.54,0.3,0.06,0,0,0.72,0.06,4.49,0.24,1.09,0,0.85,0.06,0,0,0,0,0,0,0,0,0,0,0,0,0,0,0,0
0,0.11,0.23,0,0.58,0.34,0.11,0,0.34,0,0.23,0.92,0.46,0,0,0.46,0.23,0.34,0.58,0,0.58,0,0.11,0,0,0,0,0,0,0,0,0,0,0,0,0,0,0,0,0
0,0,0,0,0,0,0,0,0,0,1.23,1.23,0,0,0,0,0,0,2.46,0,0,0,0,0,0,0,0,0,0,0,0,0,0,0,0,0,0,0,0,0
0,0,0,0,0.91,0,0.91,0,0,0.91,0,0,0,0,0,0,0,0,0,0,0,0,0,0,0,0,0,0,0,0,0,0,0,0,0,0,0,0,0,0
0,0,1.31,0,0,0,0,0,0,0,0,1.31,0,0,0,0,0,0,1.31,0,5.26,0,0,1.31,0,0,0,0,0,0,0,0,0,0,0,0,0,0,0,0
0,1.31,0.56,0,0,0.93,0,0.18,0.37,0.75,0,2.06,0,0,0,0,0.37,0,2.44,0,0.93,0,0,0.18,0,0,0.18,0,0,0,0,0,0,0,0,0,0,0,0,0
0,1.32,0.56,0,0,0.94,0,0.18,0.37,0.75,0,2.07,0,0,0,0,0.37,0,2.45,0,0.94,0,0,0.18,0,0,0.18,0,0,0,0,0,0,0,0,0,0,0,0,0
0,0,0.32,0,0.65,0.65,0.32,0.32,0,0,0,0.32,0.32,0,0,0.32,0.32,0,2.28,0,3.25,0,0,0.32,0,0,0,0,0,0,0,0,0,0,0,0,0,0,0,0
0,0,0,0,0,0,0,0.67,0,0.67,0,0,0,0,0,0,0,0,0,0,0,0,0,0,0,0,0,0,0,0,0,0,0,0,0,0,1.34,0,0,0
0,0.62,1.24,0,0.31,0,0,0,0,0,0,0.62,0,0,0,0.31,0,1.24,2.49,0,1.24,0,0,0,0,0,0,0,0,0,0,0,0,0,0,0,0,0,0,0
0,0,0,0,0,0,0,0,0,0,0,0,0,0,0,0,0,0,0,0,0,0,0,0,0,0,0,0,0,0,0,0,0,0,0,0,0,0,0,0
0,0,0,0,0,0,0,0.67,0,0.67,0,0,0,0,0,0,0,0,0,0,0,0,0,0,0,0,0,0,0,0,0,0,0,0,0,0,1.34,0,0,0
0,0,0,0,0,0,0,0,0,0,0,0,0,0,0,0,0,0,0,0,0,0,0,0,0,0,0,0,0,0,0,0,0,0,0,0,0,0,0,0
0,0,0.17,0.52,0.17,0,0.17,0,0.69,0.17,0.17,0,0,0,0,1.74,0,0.69,1.04,0,0.17,0,0,0,0.17,0,0,0,0,0,0,0,0,0.17,0,0,0.34,0,0,0.17
0,1,1,0,2,0,1,0,0,0,0,0,0,0,0,0,2,3,2,0,4,0,1,1,0,0,0,0,0,0,0,0,0,0,0,0,0,0,0,0
0,0,0,0,0,0,0,0,0,0,0,0,0,0,0,1.05,1.05,0,3.15,0,2.1,0,0,0,0,0,0,0,0,0,0,0,0,0,0,0,0,0,0,0
0,0,0.16,0.16,0.32,0,0.16,0,0.65,0.16,0.16,0,0,0,0,2.13,0,0.65,0.98,0,0,0,0,0,0.49,0,0,0,0,0,0,0,0,0,0,0.16,0.32,0,0,0.16
0,0,1.53,0,0,0,0,0,0,0,1.53,0,0,0,0,0,0,0,3.07,0,0,0,0,0,0,0,0,0,0,0,0,0,0,0,0,0,0,0,0,0
0,0,1.31,0,0,0,0,0,0,0,0,1.31,0,0,0,0,0,0,1.31,0,5.26,0,0,1.31,0,0,0,0,0,0,0,0,0,0,0,0,0,0,0,0
0,0,0,0,0,0,0,0,0,0,0,0,0,0,0,1.28,0,0,3.84,0,3.84,0,0,0,0,0,0,0,0,0,0,0,0,0,0,0,0,0,0,0
0,0,0.47,0,0,0,0.94,0,0,0,0,0.47,0,0,0,0,0.47,0,0.94,0,0.47,0,0,0,0,0,0,0,0,0,0,0,0,0,0,0,0,0,0,0
0.25,0,0,0,0.51,0.51,0,0,0.25,0,0.25,0,0.25,0,0,0,0.25,0,2.81,0,0.25,0,0.25,0.76,0,0,0,0,0,0,0,0,0,0,0,0,0,0,0,0
0,0,0.73,0,0.36,0,0,0,0,0,0,0.73,0,0,0,0.36,0.73,0,1.09,0,1.46,0.36,0.36,0,0,0,0,0,0,0,0,0,0,0,0,0,0,0,0,0.36
0.64,0,0.64,0,1.93,0,0,0,0,0,0,1.29,0,0,0,1.29,0.64,0,1.93,0,2.58,0,0.64,0,0,0,0,0,0,0,0,0,0,0,0,0,0,0,0,0
0,0,0,0,0,0,0,1.29,0,0.43,0,0,0,0,0,0.43,0,1.73,0.43,0,0.43,0,0,0,0,0,0,0,0,0,0,0,0,0,0,0.43,0,0,0,0
0,0,0,0,0,0,0,0,0,0,0,0,0,0,0,1.28,0,0,3.84,0,3.84,0,0,0,0,0,0,0,0,0,0,0,0,0,0,0,0,0,0,0
0,0,0,0,0,0.6,0.6,0,0,0,0.6,0,0,0,0,0,0,1.21,1.82,0,0,0,0,0,0,0,0,0,0,0,0,0,0,0,0,0,0,0,0,0
0,0,0.32,0,0.65,0.65,0.32,0.32,0,0,0,0.32,0.32,0,0,0.32,0.32,0,2.28,0,3.25,0,0,0.32,0,0,0,0,0,0,0,0,0,0,0,0,0,0,0,0
0,0,1.29,0,0,0,0,0,0,0,0,1.29,0,0,0,0,0,0,1.29,0,5.19,0,0,1.29,0,0,0,0,0,0,0,0,0,0,0,0,0,0,0,0
0,0,0,0,0,0,0,0,0,0,0,0,0,0,0,1.28,0,0,3.84,0,3.84,0,0,0,0,0,0,0,0,0,0,0,0,0,0,0,0,0,0,0
0.63,0,0.63,0,1.27,0,0.63,0,0,0,0,0.63,0,0,0,0.63,0.63,0,1.27,0,2.54,0,0.63,0,0,0,0,0,0,0,0,0,0,0,0,0,0,0,0,0
0.65,0,0.65,0,1.3,0,0,0,0,0,0,0.65,0,0,0,1.3,0.65,0,1.96,0,2.61,0,0.65,0,0,0,0,0,0,0,0,0,0,0,0,0,0,0,0,0
0.19,0.19,0.19,0.19,1.16,0,0,0,0.58,0.38,0,0,0,0,0,0,0,0,0.19,0.38,0.58,0,0,0,0.19,0,0,0.19,0,0,0,0,0,0.38,0,0,0,0,0,0
0,0,0,0,0,0,0,1.29,0,0.43,0,0,0,0,0,0.43,0,1.73,0.43,0,0.43,0,0,0,0,0,0,0,0,0,0,0,0,0,0,0.43,0,0,0,0
0.08,0,0.08,0,0.16,0,0,0,0,0,0,0.23,0,0,0,0.08,0.23,0,0.4,0.16,0.23,0,0,0,0,0,0,0,0,0,0,0,0,0,0,0,0.08,0,0,0
0.64,0,0.64,0,1.93,0,0,0,0,0,0,1.29,0,0,0,1.29,0.64,0,1.93,0,2.58,0,0.64,0,0,0,0,0,0,0,0,0,0,0,0,0,0,0,0,0
0,0,0,0,0,0,0,1.29,0,0.43,0,0,0,0,0,0.43,0,1.73,0.43,0,0.43,0,0,0,0,0,0,0,0,0,0,0,0,0,0,0.43,0,0,0,0
0,0,0.73,0,0.36,0,0,0,0,0,0,0.73,0,0,0,0.36,0.73,0,1.09,0,1.46,0.36,0.36,0,0,0,0,0,0,0,0,0,0,0,0,0,0,0,0,0.36
0,0,0,0,0,0,0,0,0,0,0,0,0,0,0,0,0,0,0,0,0,0,0,0,2.06,0,0,0,0,0,0,0,1.03,0,0,0,0,0,0,0
0,0,0,0,0,0,0,0,0,0,0,0,0,0,0,1.28,0,0,3.84,0,3.84,0,0,0,0,0,0,0,0,0,0,0,0,0,0,0,0,0,0,0
0,0,0.32,0,0.65,0.65,0.32,0.32,0,0,0,0.32,0.32,0,0,0.32,0.32,0,2.28,0,3.25,0,0,0.32,0,0,0,0,0,0,0,0,0,0,0,0,0,0,0,0
0.18,0,0.18,0,1.57,0.36,0.06,0.06,0.06,0.12,0.06,0.54,0.3,0.06,0,0,0.72,0.06,4.49,0.24,1.09,0,0.85,0.06,0,0,0,0,0,0,0,0,0,0,0,0,0,0,0,0
0,0,1.31,0,0,0,0,0,0,0,0,1.31,0,0,0,0,0,0,1.31,0,5.26,0,0,1.31,0,0,0,0,0,0,0,0,0,0,0,0,0,0,0,0
0,0,0,0,0,0,0.45,0.91,0.45,0.91,0,0,0,0,0,0,0.45,0.45,0.91,0,0.45,0,0.45,0,0,0,0,0,0,0,0,0,0,0,0,0,0,0,0,0
0,0,0,0,0,0,1.16,0,0,0,0,0,0,0,0,4.65,2.32,0,3.48,0,0,0,0,0,0,0,0,0,0,0,0,0,0,0,0,0,0,0,0,0
0,0,0,0,0,0,1.25,0,0,0,0,0,0,0,0,6.25,0,0,3.75,0,0,0,0,0,0,0,0,0,0,0,0,0,0,0,0,0,0,0,0,0
0,0.02,0.05,0,0.02,0,0,0.05,0,0.35,0,0.02,0,0,0,0.05,0.1,0.38,0.07,0.2,0.17,0,0,0,0.02,0,0,0,0,0,0,0,0,0,0,0,0,0,0,0
0,0,0,0,0,0,0,0,0,0,0,0,0,0,0,0,0,0,0,0,0,0,0,0,0,0,0,0,0,0,0,0,0,0,0,0,0,0,0,0
0.48,0,1.45,0,0.48,0,0,0,0,0,0,0,0,0,0,0.48,0,0,4.36,0,1.94,0,0,0,0,0,0,0,0,0,0,0,0,0,0,0,0,0,0,0
0,0,0.71,0,0.23,0,0,0,0.23,0.23,0.23,1.9,0,0,0,0.23,0,0,3.81,0.23,1.19,0,0,0,0,0,0,0,0,0,0,0,0,0,0,0,0,0,0,0
0,0,0.32,0,0.65,0.65,0.32,0.32,0,0,0,0.32,0.32,0,0,0.32,0.32,0,2.28,0,3.25,0,0,0.32,0,0,0,0,0,0,0,0,0,0,0,0,0,0,0,0
0,0,0,0,7.69,0,0,0,0,0,0,0,0,0,0,0,0,0,0,0,0,0,0,0,0,0,0,0,0,0,0,0,0,0,0,0,0,0,0,0
0,0,0.71,0,0.23,0,0,0,0.23,0.23,0.23,1.9,0,0,0,0.23,0,0,3.81,0.23,1.19,0,0,0,0,0,0,0,0,0,0,0,0,0,0,0,0,0,0,0
0,0,0,0,0,0,1,0,0,0,0,1,0,0,0,0,0,0,5,0,2,0,0,0,0,0,0,0,0,0,0,0,0,0,0,0,0,0,0,0
0.05,0,0.29,0,0.23,0.17,0.05,0,0,0,0.65,0.82,0,0,0,0.76,0.11,0.11,1.53,0.29,1.3,0,0.23,0.05,0,0,0,0,0,0,0,0,0,0,0,0,0,0,0,0
0,0,0.32,0,0.64,0.64,0.32,0.32,0,0,0,0.32,0.32,0,0,0.32,0.32,0,2.27,0,3.24,0,0,0.32,0,0,0,0,0,0,0,0,0,0,0,0,0,0,0,0
0,0,1.34,0,0.67,0,0,0,0,0,0,0,0,0,0,0,0,0.67,0.67,0,0.67,0,0,0,0,0,0,0,0,0,0,0,0,0,0,0,0,0,0,0
0,0.02,0.05,0,0.02,0,0,0.05,0,0.35,0,0.02,0,0,0,0.05,0.1,0.38,0.07,0.2,0.17,0,0,0,0.02,0,0,0,0,0,0,0,0,0,0,0,0,0,0,0
0,0,1.35,0,0.67,0,0,0,0,0.67,0,0,0,0,0,0,0,0.67,0.67,0,0,0,0,0,0,0,0,0,0,0,0,0,0,0,0,0,0,0,0,0
0.2,0.81,0.61,0,0,0,0,0,0.2,0,0,0.4,0,0,0,0.2,0,0,0.2,0,0.2,0,0,0.4,0,0,0,0,0,0,0,0,0,0,0,0,0,0,0,0
0,0,1.22,0,1.22,0,0,0,0,0,0,0,0,0,0,0.61,0,0.61,1.22,0,0,0,0,0,0,0,0,0,0,0,0,0,0,0,0,0,0,0,0,0
0,0,0,0,1.48,0.74,1.48,0,0,0.74,0.74,0.74,0.74,0,0,0.74,0.74,0,2.22,0,3.7,0,0,0,0,0,0,0,0,0,0,0,0,0,0,0,0,0,0,0
0,0,0,0,0.45,0,0,0,0,0,0,0,0,0,0,0,0,0,0,0,0,0,0,0,0,0,0,0,0,0,0,0,0,0,0,0,0,0,0,0
0.35,0.46,0.31,0,0.15,0.03,0,0.35,0.58,0.66,0.31,0.7,0.62,1.28,0.03,0.23,0.42,0,3.12,0,1.36,0,0.46,0.46,0,0,0,0,0,0,0,0,0,0,0,0,0,0,0,0
0,0.35,0.7,0,0.7,0,0.35,0.35,0,0.35,0.7,0,0,0,0,0.7,0,0.35,4.25,0,1.77,0,0,0,0,0,0,0,0,0,0,0,0,0,0,0.35,0,0,0,0
0,0,0,0,1.21,0,0,0,0,0,0,0,0,0,0,2.43,0,0,3.65,0,1.21,0,0,0,0,0,0,0,0,0,0,0,0,0,0,0,0,0,0,0
0,0,1.31,0,0,0,0,0,0,0,0,1.31,0,0,0,0,0,0,1.31,0,5.26,0,0,1.31,0,0,0,0,0,0,0,0,0,0,0,0,0,0,0,0
0.6,0,0.36,0,1.44,0,0,0,0.24,1.32,0.72,2.52,0.6,0,0,0.6,0.24,0,4.44,0,1.8,0,0.72,0.96,0,0,0,0,0,0,0,0,0,0,0,0,0,0,0,0
0,0,1.33,0,1.78,0.44,0,0.44,0,0,0,0,0,0,0,0,0,0,4.46,0.89,0.89,0,0.44,0,0,0,0,0,0,0,0,0,0,0,0,0,0,0,0,0
0.08,0.08,0.76,0,0.85,1.02,0.25,0.17,0.59,0.08,0.17,0.59,0.17,0,2.22,0.25,0.08,0.94,1.62,0.17,0.42,0,0.85,0.08,0,0,0,0,0,0,0,0,0,0,0,0,0,0,0,0.08
0,0,0.46,0,0.46,0,0,0,0,0,0,0,0,0,0,0.46,0,0,2.8,0,0.93,0,0,0,0,0,0,0,0,0,0,0,0,0,0,0,0,0,0,0
0,0,0.14,0,0.14,0,0.14,0,0.57,0.14,0.14,0,0,0,0,0.86,0,0.57,0.57,0,0,0,0,0,0,0,0,0,0,0,0,0,0,0,0,0,0,0,0,0
0.18,0,0.18,0,1.59,0.36,0,0.06,0.06,0.06,0.06,0.55,0.3,0.06,0,0,0.73,0,4.4,0.24,1.1,0,0.85,0.06,0,0,0,0,0,0,0,0,0,0,0,0,0,0,0,0
0.18,0,0.18,0,1.59,0.36,0,0.06,0.06,0.06,0.06,0.55,0.3,0.06,0,0,0.73,0,4.4,0.24,1.1,0,0.85,0.06,0,0,0,0,0,0,0,0,0,0,0,0,0,0,0,0
0.76,0.19,0.38,0,0.19,0.12,0,0.25,0.76,0.31,0.25,1.52,0.31,0.38,0,0.38,0.44,0.06,2.98,0.69,1.26,0,0.44,0.76,0,0,0,0,0,0,0,0,0,0,0,0,0,0,0,0.12
0.08,0.08,0.35,0,1.52,0.17,0.08,0,0.35,0.17,0,1.43,0,0.08,0,0.53,0.08,0,3.58,0,0.89,0,0.08,0.17,0,0,0,0,0,0,0,0,0,0,0,0,0,0,0,0
0.08,0,0.93,0,1.52,0.33,0,0.08,0.67,0,0.25,0.67,0.16,0,1.69,0.08,0,1.1,1.86,0.16,0.42,0,1.1,0.08,0,0,0,0,0,0,0,0,0,0,0,0,0,0,0,0.16
0,0,0.48,0,0.48,0.48,0.48,0,0,0.96,0,0,0,0,0,0,0.96,0,3.36,0,0.96,0,0,0,0,0,0,0,0,0,0,0,0,0,0,0,0,0,0,0
0,0,0,0,0,0,0,0,0,0,0,0,0,0,0,0,0,0,0,0,0,0,0,0,0,0,0,0,0,0,0,0,0,0,0,0,0,0,0,0
0,0,0.59,0,0.59,0,0,0.59,0,0,0,1.19,0,0,2.38,0,0.59,0.59,2.97,0,2.97,0,1.78,0,0,0,0,0,0,0,0,0,0,0,0,0,0,0,0,0.59
0.6,0,0,0,1.21,0,0.6,0,0,0,0,0.6,0,0,0,0,0,0.6,3.65,0,1.21,0,0,0.6,0,0,0,0,0,0,0,0,0,0,0,0,1.21,0,0,0
0.76,0.19,0.38,0,0.19,0.12,0,0.25,0.76,0.31,0.25,1.52,0.31,0.38,0,0.38,0.44,0.06,2.98,0.69,1.26,0,0.44,0.76,0,0,0,0,0,0,0,0,0,0,0,0,0,0,0,0.12
0,0,0,0,0,0,0,0,0,0,0,0,0,2.06,0,0,0,0,0,0,0,0,0,0,0,0,0,0,0,0,0,0,0,0,0,1.03,0,0,0,0
0,0,0.33,0,0.33,0,0.33,0.33,0,0,0,0.33,0,0,0,1.65,0,1.65,2.64,0,0.66,0,0,0,0,0,0,0,0,0,0,0,0,0,0,0,0,0,0,0
0,0,0.67,0,0,0,0.67,2.02,0,0,0,0,0,0,0,0,0.67,0,3.37,0,1.35,0,0,0.67,0,0,0,0,0,0,0,0,0,0,0,0,0,0,0,0
0.11,0.23,0.11,0,0.46,0.46,0,0.11,0.93,1.74,0.11,0.34,0.23,0.11,2.09,0,0.46,0,3.49,0,1.28,0,0.46,0.46,0,0,0,0,0,0,0,0,0,0,0,0,0,0,0,0.11
0,0,0,0,1.55,0,0,0,0,0.31,0,0.31,0,0,0,0.31,0.62,0,2.79,0,0.62,0,0,0,0,0,0,0,0,0,0,0,0,0,0,0,0,0,0,0
0,0,0,0,0.96,0,0.96,0,0,0,0.96,0,0,0,0,0,0,0,2.88,0,2.88,0,0,0,0,0,0,0,0,0,0,0,0,0,0,0,0,0,0,0
1.05,0,0.7,0,1.05,0,0.7,0,0,0.35,0,0.7,0,0,0.35,0.7,0,0.35,5.96,0,1.4,0,0.35,0.35,0,0,0,0,0,0,0,0,0,0,0,0,0,0,0,0
0,0,0.55,0,0.55,0,0,0,0,0,0,0,0,0,0,0.55,0,0,3.31,0,1.1,0,0,0,0,0,0,0,0,0,0,0,0,0,0,0,0,0,0,0
0.29,0,0.29,0,0.29,0,0,0.29,0,0,0.29,0,0,0,0,0,2.93,0.58,1.75,0,1.75,0,0,0,0,0,0,0,0,0,0,0,0,0,0,0.58,0,0,0,0.29
0,0,0,0,0,0,0,0,0.89,0,0,0,0,0,0,0,0,0,0.89,0,3.57,0,0,0,0,0,0,0,0,0,0,0,0,0,0,0,0,0,0,0
0.08,0.08,0.35,0,1.52,0.17,0.08,0,0.35,0.17,0,1.43,0,0.08,0,0.53,0.08,0,3.58,0,0.89,0,0.08,0.17,0,0,0,0,0,0,0,0,0,0,0,0,0,0,0,0
0,0,1.16,0,3.48,0,0,0.58,0.58,0,0,0.58,0,0,0,1.74,0,0,1.16,0,3.48,0,0,0.58,0,0,0,0,0,0,0,0,0,0,0,0,0,0,0,0
0.1,0,0.03,0,0.1,0.03,0,0,0,0.1,0.1,0.43,0,0,0,0.37,0.1,0,0.43,0,0.4,0,0,0,0,0,0,0,0,0,0,0,0.2,0,0,0.13,0.06,0,0,0
0,0,0,0.42,0.84,0,0,0.42,0,0,0,0,0,0,0,0,0,0.42,0.42,0,0,0,0,0,0,0,0,0,0,0,0,0,0,0,0,0,0,0,0,0
0.25,0,0.51,0,0.25,0.51,0.25,0,0,0,0,0.76,0,0,0,0.25,0,0.76,2.29,0,0.51,0,0,0,0,0,0,0,0,0,0,0,0,0,0,0,0,0,0,0
0.08,0.08,0.76,0,0.85,1.02,0.25,0.17,0.59,0.08,0.17,0.59,0.17,0,2.21,0.25,0.08,0.93,1.61,0.17,0.42,0,0.85,0.08,0,0,0,0,0,0,0,0,0,0,0,0,0,0,0,0.08
0,0.24,0.72,0,0.24,0,0.12,0,0,0.36,0.12,0,0.12,0,0.12,0.12,0,0.6,0.36,0.12,0.6,0,0,0,0,0,0,0,0,0,0,0,0,0,0,0,0,0,0,0.12
0,0,0.43,0,0.87,0,0,0,0,0,0,0,0,0,0,0.43,0.87,0,2.62,0,1.31,0.43,0.43,0,0,0,0,0,0,0,0,0,0,0,0,0,0,0,0,0
0.14,0.14,0.29,0,0,0,0,0,1.02,0.29,0.14,0.58,0,0,0,0,0,0.14,2.35,0.14,1.02,0,0,0.44,0,0,0,0,0,0,0,0,0,0,0,0,0,0.29,0,0
0,0,0.14,0,0.28,0,0.14,0,0,0,0,0,0,0,0,0,0,0,2.89,2.31,2.02,7.97,0.14,0,0,0,0,0,0,0,0,0,0,0,0,0,0,0,0,0
0.62,0,0.62,0,1.25,0,0.62,0,0,0,0,0.62,0,0,0,0.62,0.62,0,1.25,0,2.51,0,0.62,0,0,0,0,0,0,0,0,0,0,0,0,0,0,0,0,0
0.16,0,0.67,0,0.33,0.16,0.33,0.84,0.16,0.5,0.33,1.51,0,0,0,0,1.68,0.33,2.02,1.68,3.87,0,0,0.33,0,0,0,0,0,0,0,0,0,0,0,0,0,0,0,0.16
0,0,0.14,0,0.28,0,0.14,0,0,0,0.14,0.14,0,0,0,0,0,0,2.86,2.14,2,3.86,0.14,0,0,0,0,0,0,0,0,0,0,0,0,0,0,0,0,0
0,0,0.15,0,0.15,0,0,0,0,0,0,0,0,0,0,0,0,0,2.56,2.26,2.11,4.07,0.15,0,0,0,0,0,0,0,0,0,0,0,0,0,0,0,0,0
0.51,0.43,0.29,0,0.14,0.03,0,0.18,0.54,0.62,0.29,0.65,0.65,1.2,0.03,0.21,0.43,0.03,3.03,0,1.35,0,0.51,0.54,0,0,0,0,0,0,0,0,0,0,0,0,0,0,0,0
0,0,0,0,0,0.68,0,1.36,0.68,0.68,0,0,0,0,0,0.68,2.73,0.68,1.36,3.42,1.36,0,0,0,0,0,0,0,0,0,0,0,0,0,0,0,0,0,0,0.68
0.33,0,0.66,0,0.22,0,0,0,0.44,0.11,0,0.33,0,0,0,0.55,0,0,1.76,0,1.1,0,0,0.22,0,0,0,0,0,0,0,0,0,0,0,0,0,0.11,0,0
0,0,0.49,0,1.48,0,0.49,0,0,0,0,0.99,0,0,0,0.49,0.99,0,2.47,0,2.97,0,0,0,0,0,0,0,0,0,0,0,0,0,0,0,0,0,0,0
0,0,0.94,0,0.94,0,0,0,0,0,0,0,0,0,0,0.94,0,0,4.71,0,0,0,0,0,0,0,0,0,0,0,0,0,0,0,0,0,0,0,0,0
0.49,0.28,0.4,0,0.09,0.11,0.02,0.21,0.42,0.75,0.23,0.89,0.54,1.06,0,0.16,0.33,0.02,3.23,0,1.46,0,1.03,0.51,0,0,0,0,0,0,0,0,0,0,0,0,0,0,0,0
0.33,0,0.66,0,0.22,0,0,0,0.44,0.11,0,0.33,0,0,0,0.55,0,0,1.76,0,1.1,0,0,0.22,0,0,0,0,0,0,0,0,0,0,0,0,0,0.11,0,0
0,0,1.56,0,0,0,1.56,0,0,0,0,0,0,0,0,1.56,0,0,0,0,0,0,0,0,0,0,0,0,0,0,0,0,0,0,0,0,0,0,0,0
0,1.11,1.11,0,1.11,0,2.22,0,0,0,0,0,0,0,0,3.33,0,0,3.33,0,2.22,0,0,0,0,0,0,0,0,0,0,0,0,0,0,0,0,0,0,0
0,0,3.03,0,0.43,0,0.86,0,0,0,0.43,0.43,0,0,0,2.16,0,1.29,3.46,0,1.73,0,0,0,0,0,0,0,0,0,0,0,0,0,0,0,0,0,0,0
0,0,0.91,0,1.82,0.45,0,0,0,0,0,0.45,0,0,0,1.36,0,0,2.28,0,4.56,0,0,0,0,0,0,0,0,0,0,0,0,0,0,0,0,0,0,0
0,0,0.76,0,0.76,0,0.5,0.5,0,1.01,0,0.25,1.52,0,0.76,0,0,1.52,2.03,0,1.52,0,0.76,0,0,0,0,0,0,0,0,0,0,0,0,0,0,0,0,0.5
0,0,1.44,0,0,0,0,0,0,0,0,2.89,0,0,0,1.44,0,0,5.79,0,0,0,0,0,0,0,0,0,0,0,0,0,0,0,0,0,0,0,0,0
0,0,0.76,0,0.76,0,0.5,0.5,0,1.01,0,0.25,1.52,0,0.76,0,0,1.52,2.03,0,1.52,0,0.76,0,0,0,0,0,0,0,0,0,0,0,0,0,0,0,0,0.5
0,0.71,0.71,0,0.35,0.35,0,0,0,0,0,0.71,0,0,0,0.35,0,1.43,1.79,0,1.07,0,0,0,0,0,0,0,0,0,0,0,0,0,0,0,0,0,0,0
0,0,0,0,0,0,0,0,0,0,0,0,0,0,0,0,0,0,5.88,0,5.88,0,0,0,0,0,0,0,0,0,0,0,0,0,0,0,0,0,0,0
0.6,0,0.36,0,1.44,0,0,0,0.24,1.32,0.72,2.52,0.6,0,0,0.6,0.24,0,4.44,0,1.8,0,0.72,0.96,0,0,0,0,0,0,0,0,0,0,0,0,0,0,0,0
0,0,0.88,0,0.88,0,0,0,0,0,0,0.88,0,0,0,0,0,0,0.88,0,0,0,0,0,0,0,0,0,0,0,0,0,0,0,0,0,0,0,0,0
0,0,0.36,0,0.6,0.12,0.12,0,0,0,0.12,0.48,0.12,0.12,0,0.12,0,0.6,2.41,0,0.24,0,0,0,0,0,0,0,0,0,0,0,0,0,0,0,0,0,0,0
0,0,0,0,1.31,0,0,0,0,0,0,0,0,0,0,0,0,0,1.31,0,2.63,0,0,0,0,0,0,0,0,0,0,0,0,0,0,0,0,0,0,0
0,0,0,0,0,1.2,0,0,0,0,0,0,0,0,0,0,0,0,1.2,0,3.61,0,0,3.61,0,0,0,0,0,0,0,0,0,0,0,0,0,0,0,0
0,0,0,0,0,0,0,1.07,0,0,0,0,0,0,0,0,0,0,0,0,0,0,1.07,0,0,0,0,0,0,0,0,0,0,0,0,0,0,0,0,0
0,0,1.92,0,0,0,0,0,0,0,0,0,0,0,0,0,3.84,0,1.92,0,1.92,0,0,0,0,0,0,0,0,0,0,0,0,0,0,0,0,0,0,0
0.59,0.09,0.09,0,0.29,0.09,0,0.59,0.59,2.09,0.29,0.09,0.29,0,0.39,0.09,0.79,0.39,3.19,0.09,1.69,0,1.39,0.99,0,0,0,0,0,0,0,0,0,0,0,0.09,0,0,0.09,0
0,0,0,0,0,0,0,0,0,0,0,0,5.55,0,0,0,0,0,0,0,0,0,0,0,0,0,0,0,0,0,0,0,0,0,0,0,0,0,0,0
0.27,0,0.41,0,0,0,0.13,0.13,0,0,0,0.41,0,0,0,0,0,0.41,0.69,0,0.27,0,0,0,0,0,0,0,0,0,0,0,0,0,0,0.27,0,0,0,0
0,0.62,0.62,0,0.31,0,0,0,0,0,0,0.62,0,0,0,0.31,0,1.25,2.51,0,1.25,0,0,0,0,0,0,0,0,0,0,0,0,0,0,0,0,0,0,0
0,0,0,0,0.26,0,0.26,0,0,0,0,0,0,0,0,0.26,0,0,0,0,0.52,17.1,0,0,0,0,0,0,0,0,0,0,0,0,0,0,0,0,0,0
0.33,0,0.67,0,0.22,0,0,0,0.44,0.11,0,0.33,0,0,0,0.56,0,0,1.79,0,1.12,0,0,0.22,0,0,0,0,0,0,0,0,0,0,0,0,0,0.11,0,0
0.12,0.12,0.24,0,1.34,0.12,0,0.12,0,0,0.36,0.85,0,0,0,0.24,0.24,0,2.33,0,0.73,0,0,0,0,0,0,0,0,0,0,0,0,0,0,0.98,0,0,0,0.12
0.12,0.12,0.24,0,1.34,0.12,0,0.12,0,0,0.36,0.85,0,0,0,0.24,0.24,0,2.33,0,0.73,0,0,0,0,0,0,0,0,0,0,0,0,0,0,0.98,0,0,0,0.12
0.31,0.31,0.31,0,0,0,0.31,0,0.31,0.31,0.31,0.31,0,0,0,0.94,0,0,0.31,0,2.51,0,0,0.31,0,0,0,0,0,0,0,0,0,0,0,0.31,0,0,1.88,0
0,0,0.51,0,0.51,0,0,0,0,0,0,1.03,0,0,0,0,0,0,1.54,0,1.03,0,0,0.51,0,0,0,0,0,0,0,0,0,0,0,0,0,0,0,0
0,0.48,0.48,0,0.48,0,0,0.48,0,0,0,0.96,0,0,1.92,0,0.48,0.96,2.88,0,2.88,0,1.44,0,0,0,0,0,0,0,0,0,0,0,0,0,0,0,0,0.48
0,0,0,0,0,0,0,0,0,0,0,0,0,0,0,6.45,0,0,3.22,0,6.45,0,0,0,0,0,0,0,0,0,0,0,0,0,0,0,0,0,0,0
0,0,0.89,0,1.79,0.44,0,0,0,0,0,0.44,0,0,0,1.34,0,0,2.24,0,4.48,0,0,0,0,0,0,0,0,0,0,0,0,0,0,0,0,0,0,0
0,0,0.71,0,0.17,0,0.35,0.35,0,0.17,0.17,0.35,0,0,0,0.35,0,0.17,0.53,0,0.17,0,0.35,0,0,0,0,0,0,0,0,0,0,0,0,0,0.35,0,0,0
0,1.72,0,0,0,0,0,0,0,1.72,0,0,0,0,0,1.72,0,0.86,0.86,0,0,0,0,0,0,0,0,0,0,0,0,0,0,0,0,0,0,0,0,0
0,0,0,0,0,0,0,2.53,0,0,0,0,0,0,0,0,1.26,0,0,0,0,0,0,0,0,0,0,0,0,0,0,0,0,0,0,0,0,0,0,0
0,0,0,0,0.42,0.42,0.42,0,0,0,0,0.42,0,0,0,0,0,0,0.84,0,0.42,8.82,0,0,0,0,0,0,0,0,0,0,0,0,0,0,0,0,0,0
0,0,0,0,0.45,0.45,0.45,0,0,0,0,0.45,0,0,0,0,0,0,0.9,0,0.45,9.5,0,0,0,0,0,0,0,0,0,0,0,0,0,0,0,0,0,0
0,0,0,0,0,0,1,0,0,1,0,1,0,0,0,0,0,0,3.01,0,0,1.5,0,0,0,0,0,0,0,0,0,0,0,0,0,0,0,0,0,0
0,0,0,0,0,0,0,0,0,0,0,0,0,0,0,0,0,0,4.44,0,0,0,0,0,0,0,0,0,0,0,0,0,0,0,0,0,0,0,0,0
0,0,1.25,0,2.5,0,0,0,0,0,0,0,0,0,0,1.25,0,0,5,0,0,0,0,0,0,0,0,0,0,0,0,0,0,0,0,0,0,0,1.25,0
0,0,0,0,0,0,0,1.08,0,0,0,0,0,0,0,0,0,0,0,0,0,0,1.08,0,0,0,0,0,0,0,0,0,0,0,0,0,0,0,0,0
0,0,0,0,0,0,0,0,0,0,0,0,1.38,0,0,0,0,0,0,0,1.38,0,0,0,0,0,0,0,0,0,0,0,0,0,0,0,0,0,0,0
0.21,0.1,0.52,0,1.26,0.1,0,0,0.42,0.52,0.21,0.52,0.42,0,0,0,0.52,0,4.53,0,2,0,0.31,1.47,0,0,0,0,0,0,0,0,0,0,0,0,0,0,0,0
0,0.23,0,0,0.23,0.47,0,0.47,0,0.95,2.61,1.66,0,2.61,0,0,0,0,3.8,0,0.95,0,0.23,0,0.71,0,0,0,0,0,0,0,0,0,0,0,0.95,0,0,0
0.09,0.18,0.36,0,0.09,0,0.09,0,0.55,0.27,0.09,0.83,0.36,0,0,0,0,0.09,3.69,0.55,1.56,0,0,0.36,0,0,0,0,0,0,0,0,0,0,0,0.09,0,0,0,0
0,0,0,0,0,0,0,0,0,0,0,0,0,0,0,0,0,0,3.22,0,0,0,0,0,0,0,0,0,0,0,0,0,0,0,0,0,0,0,0,0
0,0,0,0,0,0,0,0,0,0,0,0,0,0,0,0,0,0,4.34,0,0,0,0,0,0,0,0,0,0,0,0,0,0,0,0,0,0,0,0,0
0,0,0,0,0,0,0,0,0,0,0,0,0,0,0,0,0,0,4.34,0,0,0,0,0,0,0,0,0,0,0,0,0,0,0,0,0,0,0,0,0
0,0,0,0,0,0,0,0,0,0,0,0,0,0,0,0,0,0,3.33,0,0,0,0,0,0,0,0,0,0,0,0,0,0,0,0,0,0,0,0,0
0,0,0.64,0,0.64,0,0,0,0,1.29,0,0,0,0,0,2.59,0,0,3.24,0,0.64,0,0,0,0,0,0,0,0,0,0,0,0,0,0,0,0,0,0,0
0,0,0,0,0,0,0,0,0.93,0,0,0,0,0,0,0,0,0,0.93,0,3.73,0,0,0,0,0,0,0,0,0,0,0,0,0,0,0,0,0,0,0
0,0,0.32,0,0.64,0.64,0.64,0.32,0,0,0,0.32,0.32,0,0,0.32,0.32,0.32,2.27,0,3.24,0,0,0.32,0,0,0,0,0,0,0,0,0,0,0,0,0,0,0,0
0,0,0,0,0,0,0,1.08,0,0,0,0,0,1.08,0,0,0,0,0,0,0,0,1.08,0,0,0,0,0,0,0,0,0,0,0,0,0,0,0,0,0
0,0,0,0,0,0,0,0,0,0,0,0,0,0,0,0,0,0,3.7,0,0,0,0,0,0,0,0,0,0,0,0,0,0,0,0,0,0,0,0,0
0,0,0,0,0,0,0,1.08,0,0,0,0,0,1.08,0,0,0,0,0,0,0,0,1.08,0,0,0,0,0,0,0,0,0,0,0,0,0,0,0,0,0
0,0,0,0,0,0.05,0,0.34,0,0,0.11,0.81,0.05,0.11,0,0,0.75,0,0,0,0,0,0.05,0,1.16,0,0,0,0,0,0,0,0.05,0,0,0.23,0.05,0,0,0
0,0,0,0,0.88,0,0,0,0,0,0.44,0.44,0,0,0,0,0,0.44,1.32,0,1.32,0,0,0,0.44,0.44,0,0,0,0,0,0,0,0,0,0,0,0,0,0
0,0,0.41,0,0.82,0.61,0.2,0,0.2,0.61,0.41,1.23,0.2,0,0,0.61,0,0,2.89,3.09,1.23,0,0,0.2,0,0,0,0,0,0,0,0,0,0,0,0,0,0,0,0
0,0,0,0,0,0,0,0,0,0,0,0,0,0,0,0,0,0,0,0,0,0,0,0,0,0,0,0,0,0,0,0,0,0,0,0,0,0,0,0
0.1,0,0.43,0,0.1,0.1,0.1,0.53,0.1,0,0,0.64,0,0.32,0,0,0.1,0,0,0,0,0,0.75,0,0,0,0,0,0,0,0,0,0,0,0,0,0,0,0,0
0.65,0.49,0.32,0,0.32,0.16,0,0.49,0.65,0.49,0.16,1.3,0,0,0.16,1.14,1.3,0.16,3.6,0.49,1.8,0,0,0.49,0,0,0,0,0,0,0,0,0,0,0,0,0,0,0,0
0.09,0,0.09,0,0.39,0.09,0.09,0,0.19,0.29,0.39,0.48,0,0.58,0,0.87,0.19,0,1.66,4.1,1.66,0,0.39,0.19,0,0,0,0,0,0,0,0,0,0,0,0,0,0,0,0
0,0,0,0,0,0,0,3.33,3.33,0,0,0,0,0,0,0,3.33,0,0,0,6.66,0,0,0,0,0,0,0,0,0,0,0,0,0,0,0,0,0,0,0
0.1,0,0.1,0,0.4,0.1,0.1,0,0.2,0.2,0.4,0.5,0,0.6,0,0.91,0.2,0,1.72,4.26,1.72,0,0.4,0.2,0,0,0,0,0,0,0,0,0,0,0,0,0,0,0,0
0,0,0.37,0,1.11,0.74,0,2.96,0,2.96,0,0,0.74,0,0,0,2.22,0,5.18,0,2.22,0,0,0,0,0,0,0,0,0,0,0,0,0,0,0,0,0,0,0
0.08,0.08,0.76,0,0.85,1.02,0.25,0.17,0.59,0.08,0.17,0.59,0.17,0,2.21,0.25,0.08,0.93,1.61,0.17,0.42,0,0.85,0.08,0,0,0,0,0,0,0,0,0,0,0,0,0,0,0,0.08
0.25,0,0.51,0,0.25,1.28,0,0,0.77,0.51,0,0.25,0,0,0,0,0,0.51,1.79,0,0.77,0,2.05,0,0.51,0.51,0,0,0,0,0,0,0,0,0,0,0.25,0,0,0
0,0,0,0,1.05,2.1,1.05,0,0,0,0,0,0,0,0,0,0,0,3.15,0,1.05,0,2.1,0,0,0,0,0,0,0,0,0,0,0,0,0,0,0,0,0
0,0.1,0.3,0,1.02,0.3,0.1,0.4,0,0.2,0.1,0.92,0,0.1,0,1.94,0.92,0.4,1.94,0.4,0.61,0.92,0.51,0.1,0,0,0,0,0,0,0,0,0,0,0,0.3,0.1,0,0,0.1
0.1,0,0.1,0,0.4,0.1,0.1,0,0.2,0.2,0.4,0.5,0,0.6,0,0.91,0.2,0,1.72,4.26,1.72,0,0.4,0.2,0,0,0,0,0,0,0,0,0,0,0,0,0,0,0,0
0,0,0,0,0.44,0.44,0.44,0,0,0,0,0.44,0,0,0,0,0,0,0.88,0,0.44,9.29,0,0,0,0,0,0,0,0,0,0,0,0,0,0,0,0,0,0
0,0.1,0.62,0,0.31,0,0.1,0,0.2,0.62,0.1,0.62,0.41,0,0,0.1,0.1,0.2,3.43,0.1,1.66,0,0.1,1.04,0,0,0,0,0,0,0,0,0,0,0,0,0,0,0,0
0,0,0,0,0,0,0,0,0,0,0,0,0,0,0,0,0,0,0,0,0,0,0,0,0,0,0,0,0,0,0,0,0,0,0,0,0,0,0,0
0,0,0,0,0,0,0,0,0,0,0,0,0,0,0,0,0,0,4,0,0,0,0,0,0,0,0,0,0,0,0,0,0,0,0,0,0,0,0,0
0,0.62,0.62,0,0,0.62,0,2.82,0,0.31,0.31,2.5,0,0,0,2.5,0,0,5.32,0.31,1.56,0,0,0.62,0,0,0,0,0,0,0,0,0,0,0,0,0,0,0,0
0.23,0.29,0.64,0,0.17,0.17,0.11,0.05,0.05,0.47,0.11,1.17,0.47,0.05,0.17,0.05,0.11,0.29,3.93,0,2.05,0,0.47,0.29,0,0,0,0,0,0,0,0,0,0,0,0,0,0,0,0
0.51,0.43,0.29,0,0.14,0.03,0,0.18,0.54,0.62,0.29,0.65,0.65,1.2,0.03,0.21,0.43,0.03,2.99,0,1.35,0,0.51,0.58,0,0,0,0,0,0,0,0,0,0,0,0,0,0,0,0
