1.4895,0.81688,2.1168,1.7836,1.5346,-0.30543,-1.2477,-0.14537,-0.59356,-0.23316,0.31218,-0.29103,-0.2751,0.75143,-0.23402,-0.94474,-0.15843,-1.7734,-0.29911,-0.28811
1.4895,0.81688,2.1168,1.7895,1.5403,-0.3185,-1.2477,-0.14537,-0.59356,-0.23316,0.31218,-0.29103,-0.2751,0.75143,-0.23391,-0.94474,-0.15843,-1.7734,-0.29911,-0.28811
1.4895,0.81688,2.1168,1.7836,1.5346,-0.30543,-1.2477,-0.14537,-0.59356,-0.23316,0.31218,-0.29103,-0.2751,0.75143,-0.23391,-0.94474,-0.15843,-1.7734,-0.29911,-0.28811
1.4895,0.81688,2.1168,1.7836,1.5346,-0.30543,-1.2477,-0.14537,-0.59356,-0.23316,0.31218,-0.29103,-0.2751,0.75143,-0.23425,-0.94474,-0.15843,-1.7734,-0.29911,-0.28811
1.4895,0.81688,2.1168,1.7836,1.5346,-0.30543,-1.2477,-0.14537,-0.59356,-0.23316,0.31218,-0.29103,-0.2751,0.75143,-0.23419,-0.94474,-0.15843,-1.7734,-0.29911,-0.28811
1.4895,0.81688,2.1168,1.7895,1.5403,-0.3185,-1.2477,-0.14537,-0.59356,-0.23316,0.31218,-0.29103,-0.2751,0.75143,-0.23408,-0.94474,-0.15843,-1.7734,-0.29911,-0.28811
1.4895,0.81688,2.1168,1.7895,1.5403,-0.3185,-1.2477,-0.14537,-0.59356,-0.23316,0.31218,-0.29103,-0.2751,0.75143,-0.23397,-0.94474,-0.15843,-1.7734,-0.29911,-0.28811
1.4895,0.81688,2.1168,1.7895,1.5403,-0.3185,-1.2477,-0.14537,-0.59356,-0.23316,0.31218,-0.29103,-0.27518,0.75143,-0.23432,-0.94474,-0.15843,-1.7734,-0.29911,-0.28811
1.4895,0.81688,2.1168,1.7895,1.5403,-0.3185,-1.2477,-0.14537,-0.59356,-0.23316,0.31218,-0.29103,-0.27518,0.75143,-0.23432,-0.94474,-0.15843,-1.7734,-0.29911,-0.28811
1.4895,0.81688,2.1168,1.7895,1.5403,-0.3185,-1.2477,-0.14537,-0.59356,-0.23316,0.31218,-0.29103,-0.27518,0.75143,-0.23432,-0.94474,-0.15843,-1.7734,-0.29911,-0.28811
1.4895,0.81688,2.1168,1.7895,1.5403,-0.3185,-1.2477,-0.14537,-0.59356,-0.23316,0.31218,-0.29103,-0.27518,0.75143,-0.23432,-0.94474,-0.15843,-1.7734,-0.29911,-0.28811
1.8653,0.81513,2.4798,2.2091,1.949,-0.25149,-1.638,-0.41777,-0.67966,-0.23316,0.67969,-0.34644,-0.30092,0.75143,-0.2462,-0.8436,-0.15848,-1.5374,0.19694,-0.28811
1.8824,0.8165,2.1916,2.2514,1.9896,-0.30383,-1.6537,-0.41777,-0.68357,-0.23316,0.56835,-0.34644,-0.31184,0.45319,-0.24353,-0.96837,-0.15844,-1.5374,0.22395,-0.28811
1.6811,0.82227,2.342,2.086,1.8265,-0.48434,-1.4379,-0.14537,-0.63645,-0.23316,-0.037146,-0.29103,-0.33651,-0.093579,-0.22912,-1.3323,-0.15829,-1.7734,-0.073402,-0.28811
1.4895,0.81688,2.1109,1.7895,1.5403,-0.3185,-1.2477,-0.14537,-0.59356,-0.23316,0.31218,-0.29103,-0.27522,0.75143,-0.23426,-0.94474,-0.15843,-1.7734,-0.29911,-0.28811
1.4895,0.81688,2.1109,1.7895,1.5403,-0.3185,-1.2477,-0.14537,-0.59356,-0.23316,0.31218,-0.29103,-0.27526,0.75143,-0.23432,-0.94474,-0.15843,-1.7734,-0.29911,-0.28811
1.4895,0.81688,2.1109,1.7895,1.5403,-0.3185,-1.2477,-0.14537,-0.59356,-0.23316,0.31218,-0.29103,-0.27526,0.75143,-0.23432,-0.94474,-0.15843,-1.7734,-0.29911,-0.28811
1.4895,0.81688,2.1109,1.7895,1.5403,-0.3185,-1.2477,-0.14537,-0.59356,-0.23316,0.31218,-0.29103,-0.27529,0.75143,-0.23392,-0.97966,-0.15832,-1.3014,-0.27203,-0.28811
1.4895,0.81688,2.1109,1.7895,1.5403,-0.3185,-1.2477,-0.14537,-0.59356,-0.23316,0.31218,-0.29103,-0.27526,0.75143,-0.23432,-0.94474,-0.15843,-1.7734,-0.29911,-0.28811
1.4895,0.81688,2.1109,1.7895,1.5403,-0.3185,-1.2477,-0.14537,-0.59356,-0.23316,0.31218,-0.29103,-0.27529,0.75143,-0.23392,-0.97966,-0.15832,-1.3014,-0.27203,-0.28811
1.4895,0.81688,2.1109,1.7895,1.5403,-0.3185,-1.2477,-0.14537,-0.59356,-0.23316,0.31218,-0.29103,-0.27522,0.75143,-0.23426,-0.94474,-0.15843,-1.7734,-0.29911,-0.28811
1.4895,0.81688,2.1109,1.7895,1.5403,-0.3185,-1.2477,-0.14537,-0.59356,-0.23316,0.31218,-0.29103,-0.27526,0.75143,-0.23432,-0.94474,-0.15843,-1.7734,-0.29911,-0.28811
1.4895,0.81688,2.1109,1.7895,1.5403,-0.3185,-1.2477,-0.14537,-0.59356,-0.23316,0.31218,-0.29103,-0.27526,0.75143,-0.23432,-0.94474,-0.15843,-1.7734,-0.29911,-0.28811
-0.92465,0.1644,-0.82227,-0.90388,-0.74475,-0.58268,0.89128,0.12703,-0.049863,-0.09707,-0.16711,-0.11951,-0.13738,0.75143,-0.18865,-0.30124,-0.15577,-0.47533,-0.16644,-0.28811
0.76357,0.83152,0.50479,0.4188,0.20162,0.76381,-0.4782,-0.55397,-0.36942,-0.50533,-0.68179,-0.31214,-0.19261,-2.5292,-0.12559,-1.4077,0.067424,0.58673,0.84723,-0.28811
2.0094,0.83152,-0.053546,1.7173,1.4643,1.1749,-1.7638,-0.82637,-0.70995,-0.36924,0.79064,-0.31214,-0.15504,-2.9766,-0.20911,-1.5228,0.091245,0.58673,0.41921,-0.28811
2.0094,0.83152,-0.053546,1.7173,1.4643,1.1749,-1.7638,-0.82637,-0.70995,-0.64141,0.26056,-0.36491,-0.29441,-3.1754,-0.13474,-1.5881,0.14201,0.58673,0.41921,-0.28811
-1.0073,0.049866,-0.91388,-0.97185,-0.74229,-0.67373,0.92467,0.12703,-0.024604,0.039015,-0.1405,-0.058819,-0.08129,0.75143,-0.18236,-0.52663,-0.15538,-0.47533,-0.20247,-0.28811
0.027384,-0.0054026,0.031049,0.28389,0.3984,1.3618,-0.88727,-0.41777,-0.24559,-0.64141,-0.56912,-0.35963,-0.3517,-1.1374,0.20391,-0.071851,-0.13413,1.2948,2.1246,2.1163
-0.29486,0.23606,2.7381,-0.46663,-0.52832,0.21887,0.38512,1.7614,3.9866,-0.64141,-0.066353,0.38976,3.719,0.10525,2.8747,-1.4503,-0.15819,-1.679,-2.5769,-0.28811
1.7808,0.49368,2.7381,1.4195,1.1747,1.2315,-1.5279,-0.28157,-0.58499,-0.64141,-0.77702,-0.35436,-0.38314,0.75143,-0.207,2.0155,-0.15958,0.020298,-0.026526,-0.28811
-0.94919,-0.22744,2.7381,-0.92063,-1.1009,-0.72803,1.2654,9.5248,4.8909,-0.64141,-0.30209,3.1921,4.141,-2.6783,5.2741,-1.442,-0.15851,-2.2087,-2.6897,-0.28811
1.0871,0.36227,2.7381,0.46562,0.61492,2.6317,-1.5766,-0.41777,-0.431,-0.50533,-0.37055,-0.33325,-0.20263,0.75143,-0.043512,0.0345,-0.15812,0.58673,-0.35399,0.51334
0.67266,0.61754,2.7381,0.13805,0.09631,2.106,-0.90907,4.3492,1.5399,-0.36924,-0.12728,1.3239,1.5866,0.75143,0.86409,-1.4987,-0.15817,-2.1728,-2.3938,-0.28811
1.6022,0.48181,2.7381,0.78324,0.8301,2.1845,-1.5935,1.0804,-0.51517,-0.36924,-0.51431,0.046729,-0.23497,0.0058339,-0.11821,-0.99763,-0.15838,-1.1126,-0.29917,-0.28811
-0.32655,0.83152,-0.053546,-0.44685,-0.64018,-0.19541,0.64673,-0.55397,-0.21334,-0.64141,-0.47339,-0.36491,-0.31057,-2.5292,-0.027807,-0.63679,-0.13373,0.58673,1.238,1.8491
-0.88491,0.83152,2.7381,-0.87063,-1.0523,-0.67001,1.1994,32.27,5.2172,-0.64141,-0.22143,11.588,4.8909,-1.1871,3.1968,-1.3705,-0.15835,-2.2338,-2.7018,-0.28811
0.079813,0.67688,2.7381,-0.26232,-0.33954,5.0932,-1.6885,-0.14537,0.32928,-0.36924,0.81122,-0.21714,0.61488,0.60231,0.9947,-1.4284,-0.15789,0.58673,-1.5489,-0.28811
-0.62372,-0.035727,2.7381,-0.86206,-0.73604,0.25805,0.55486,1.7614,4.5427,-0.64141,-0.07652,0.38976,4.1654,0.05554,4.5596,-1.4172,-0.15821,-1.679,-2.6074,-0.28811
1.7808,0.49368,2.7381,1.4195,1.1747,1.2315,-1.5279,-0.28157,-0.58499,-0.64141,-0.77702,-0.35436,-0.38314,0.75143,-0.207,2.0155,-0.15958,0.020298,-0.026526,-0.28811
-1.0414,0.32325,2.7381,-1.009,-1.1869,-0.7195,1.3386,0.80803,1.1,-0.7775,-1.1934,-0.18548,0.17126,-2.8771,5.716,-1.6569,-0.15826,-1.8097,-2.2645,-0.28811
0.28405,-0.79114,2.7381,-0.85166,0.23795,3.9698,-1.7638,-0.41777,-0.076046,-0.50533,-0.60962,-0.33325,-0.098582,0.75143,1.0694,0.19458,-0.15736,0.58673,-0.075333,1.3148
0.15759,-0.18303,2.7381,-0.79766,-0.18615,2.1397,-0.67061,2.851,1.8516,-0.50533,-0.24361,0.8014,1.6762,0.5526,1.5043,-1.1263,-0.15827,-1.7397,-2.3301,-0.28811
-0.21702,-0.98328,2.7381,-0.87702,-0.49921,1.3224,-0.072214,2.851,1.5968,-0.50533,-0.12031,0.8014,1.4166,0.5526,1.5942,-1.3197,-0.1582,-1.7397,-2.2916,-0.28811
-0.39179,-1.6451,2.7381,-0.91404,-0.65081,0.83839,0.25207,2.851,1.5722,-0.50533,-0.5831,0.8014,1.0467,0.60231,1.9611,-1.4114,-0.15817,-1.7397,-2.2858,-0.28811
0.6113,-0.82558,2.7381,-0.83434,0.28179,3.139,-1.4781,-0.28157,-0.059155,-0.50533,-0.81821,-0.32269,-0.12625,0.5029,0.61335,-0.16682,-0.1584,0.58673,-0.94996,1.6354
-0.5092,-2.5782,2.7381,-0.98503,-0.69029,0.59125,0.38385,-0.14537,0.76149,-0.50533,-0.69497,-0.26992,0.26413,-0.093579,1.9882,-1.1128,-0.15833,0.1147,-1.9159,0.78048
-0.56429,-1.4313,2.7381,-0.99243,-0.76145,1.837,-0.039755,-0.14537,0.51459,-0.50533,-1.1328,-0.32269,-0.010402,0.25437,2.4351,-1.1468,-0.15828,0.1147,-1.6517,-0.28811
-0.55453,-2.3652,2.7381,-0.98647,-0.7516,0.50332,0.47284,-0.14537,0.73684,-0.50533,-0.96627,-0.31214,0.16633,-0.093579,1.7238,-1.1731,-0.15835,0.1147,-2.0404,-0.28811
-0.20912,-0.044239,2.7381,-0.94467,-0.43789,3.6024,-1.0181,-0.28157,0.058418,-0.50533,-1.1196,-0.32269,-0.17232,0.60231,1.3163,-0.76962,-0.1581,0.58673,-0.90115,-0.28811
-0.18698,-1.5786,2.7381,-0.93393,-0.41612,1.4076,-0.17954,-0.28157,0.42148,-0.50533,-0.78864,-0.31214,0.12039,0.40349,1.03,-0.70702,-0.15834,0.58673,-1.4747,1.6354
-0.24431,0.035031,2.7381,-0.9568,-0.51182,3.4614,-0.89712,-0.28157,0.034245,-0.64141,-1.1195,-0.32269,-0.18346,0.75143,1.0555,-0.79904,-0.1583,0.58673,-1.0725,-0.28811
-0.22344,-1.449,2.7381,-0.9466,-0.49192,1.3345,-0.083415,-0.28157,0.38531,-0.64141,-0.79145,-0.31214,0.099719,0.65202,0.93965,-0.80014,-0.15829,0.58673,-1.5593,0.35305
-0.23311,0.83152,0.058121,-0.026393,-0.23131,-0.5517,0.42174,-0.41777,-0.25023,-0.64141,-0.63648,-0.36491,-0.3584,-1.1871,-0.081072,-0.31307,-0.14564,0.58673,0.53332,1.3148
0.0071605,0.50272,0.34527,-0.27019,-0.46839,0.29399,0.30236,-0.28157,-0.22348,-0.64141,-0.37552,-0.33852,-0.29094,-1.8333,-0.071594,-0.45342,-0.13349,0.58673,1.3919,0.99422
1.8218,0.55422,2.7381,1.4156,1.1709,1.3483,-1.5702,-0.14537,-0.58174,-0.64141,-0.77995,-0.33852,-0.37997,0.75143,-0.2269,1.4878,-0.15958,-1.7734,-0.35514,-0.28811
1.8218,0.55422,2.7381,1.4156,1.1709,1.3483,-1.5702,-0.14537,-0.58174,-0.64141,-0.77995,-0.33852,-0.37997,0.75143,-0.2269,1.4878,-0.15958,-1.7734,-0.35514,-0.28811
1.8218,0.55422,2.7381,1.4156,1.1709,1.3483,-1.5702,-0.14537,-0.58174,-0.64141,-0.77995,-0.33852,-0.37997,0.75143,-0.2269,1.4878,-0.15958,-1.7734,-0.35514,-0.28811
1.8218,0.55422,2.7381,1.4156,1.1709,1.3483,-1.5702,-0.14537,-0.58174,-0.64141,-0.77995,-0.33852,-0.37997,0.75143,-0.2269,1.4878,-0.15958,-1.7734,-0.35514,-0.28811
1.8218,0.55422,2.7381,1.4156,1.1709,1.3483,-1.5702,-0.14537,-0.58174,-0.64141,-0.77995,-0.33852,-0.37997,0.75143,-0.2269,1.4878,-0.15958,-1.7734,-0.35514,-0.28811
1.8218,0.55422,2.7381,1.4156,1.1709,1.3483,-1.5702,-0.14537,-0.58174,-0.64141,-0.77995,-0.33852,-0.37997,0.75143,-0.2269,1.4878,-0.15958,-1.7734,-0.35514,-0.28811
1.8218,0.55422,2.7381,1.4156,1.1709,1.3483,-1.5702,-0.14537,-0.58174,-0.64141,-0.77995,-0.33852,-0.37997,0.75143,-0.2269,1.4878,-0.15958,-1.7734,-0.35514,-0.28811
-0.9975,0.83152,2.7381,-0.97252,-1.1514,-0.7621,1.3237,0.94423,0.61039,-0.7775,-1.3001,-0.16437,-0.050369,-2.231,2.1001,-1.5744,-0.15828,-2.0431,-2.1104,-0.28811
-0.99507,0.59639,2.7381,-0.97042,-1.1493,-0.75943,1.3208,0.94423,0.65068,-0.64141,-1.249,-0.16437,-0.016735,-2.231,1.5212,-1.5692,-0.15829,-1.8408,-2.1084,-0.28811
-0.99375,0.74,2.7381,-0.96929,-1.1482,-0.59452,1.2554,0.94423,0.60598,-0.7775,-1.2969,-0.16437,-0.05072,-1.9824,2.0092,-1.5386,-0.15829,-1.8408,-1.9969,-0.28811
0.059141,-0.33,2.7381,-0.9496,-0.21872,5.0105,-1.7638,-0.28157,0.19708,-0.50533,-0.18248,-0.2277,0.37347,0.75143,2.1198,-0.41779,-0.15823,0.58673,-0.64875,1.6354
-0.32001,-1.1606,2.7381,-0.98724,-0.55176,3.1786,-0.751,-0.28157,0.45616,-0.50533,-0.046168,-0.26992,0.39405,0.75143,1.9169,-0.81181,-0.15814,0.58673,-1.0194,1.6354
-0.48641,-1.8358,2.7381,-1.0038,-0.70389,2.2639,-0.2579,-0.14537,0.67135,-0.50533,-0.81571,-0.30158,0.17495,0.75143,2.6677,-1.0279,-0.15823,0.1147,-1.6301,0.78048
-0.95169,-2.5438,2.7381,-1.0376,-1.0539,-0.44755,1.1139,1.7614,1.3031,-0.50533,-0.83595,0.38976,0.62586,0.0058339,5.1957,-1.6404,-0.15811,-1.8206,-2.1071,-0.28811
-0.70979,-0.60944,2.7381,-0.99421,-0.86501,0.46353,0.58943,1.7614,1.9551,-0.50533,-0.27827,0.38976,1.5989,0.15495,2.3414,-1.4296,-0.15824,-1.8206,-2.4161,-0.28811
-0.67213,-0.7116,2.7381,-0.98745,-0.7948,0.46626,0.52582,1.7614,1.9884,-0.50533,-0.39924,0.38976,1.5742,-0.14329,3.5901,-1.3647,-0.15826,-1.8206,-2.3745,-0.28811
-0.67213,-0.7116,2.7381,-0.98745,-0.7948,0.46626,0.52582,1.7614,1.9884,-0.64141,-0.40007,0.38976,1.5771,-0.19299,3.5707,-1.3986,-0.15826,-1.9622,-2.4147,-0.28811
-0.3969,-0.48774,2.7381,-0.93805,-0.53341,1.0148,0.078504,1.7614,2.9712,-0.50533,-0.14679,0.38976,2.6753,0.45319,4.0449,-1.0925,-0.15819,-1.679,-2.4177,-0.28811
-0.40562,-0.81142,2.7381,-0.93961,-0.54213,0.89031,0.13494,1.7614,2.9311,-0.50533,-0.10477,0.38976,2.733,0.30407,3.3385,-1.0737,-0.15837,-1.8206,-2.5099,-0.28811
-0.3969,-0.48774,2.7381,-0.93805,-0.53341,1.0148,0.078504,1.7614,2.9712,-0.64141,-0.14781,0.38976,2.6726,0.45319,3.9057,-1.0684,-0.15828,-1.679,-2.4571,-0.28811
-0.40562,-0.81142,2.7381,-0.93961,-0.54213,0.89031,0.13494,1.7614,2.9311,-0.50533,-0.10477,0.38976,2.733,0.45319,3.3301,-1.0274,-0.15836,-1.679,-2.4883,-0.28811
-0.94819,-2.8878,2.7381,-1.037,-1.082,-0.1197,1.0108,1.7614,1.3496,-0.50533,-0.82153,0.38976,0.65853,0.30407,5.2185,-1.6266,-0.1581,-1.8206,-2.06,-0.28811
-0.67863,-0.75753,2.7381,-0.98861,-0.82858,0.44604,0.56381,1.7614,1.9511,-0.64141,-0.31354,0.38976,1.6033,0.5029,3.6187,-1.3433,-0.15825,-1.8206,-2.3215,-0.28811
-0.69106,-0.25846,2.7381,-0.99084,-0.8209,0.54217,0.51939,1.7614,1.9169,-0.50533,-0.41747,0.38976,1.5027,-0.043873,3.5563,-1.3761,-0.15824,-1.679,-2.3302,-0.28811
-0.66191,-1.9592,2.7381,-0.98974,-0.84802,0.24406,0.66009,1.7614,2.2044,-0.50533,-0.39326,0.38976,1.6795,0.0058339,4.6111,-1.3703,-0.15824,-1.8206,-2.4175,-0.28811
-0.73551,-1.1669,2.7381,-0.99882,-0.78977,0.26916,0.59838,1.7614,1.9603,-0.50533,-0.45378,0.38976,1.4451,0.30407,3.8505,-1.4338,-0.15821,-1.679,-2.3453,-0.28811
-0.7527,-1.288,2.7381,-1.0019,-0.89468,0.21568,0.71275,1.7614,2.0104,-0.64141,-0.5287,0.38976,1.3985,0.30407,4.3111,-1.4295,-0.15818,-1.8206,-2.3365,-0.28811
-0.066999,-1.7111,2.7381,-0.78252,-0.073256,2.1733,-0.78431,-0.41777,0.027868,-0.64141,-0.50038,-0.29103,0.070555,0.75143,0.8514,-0.085814,-0.15791,0.58673,-0.75025,1.3148
-0.23825,-1.9208,2.7381,-1.0652,-0.27445,2.4252,-0.70352,-0.41777,0.14138,-0.50533,-0.4462,-0.32269,0.056676,0.75143,1.7627,-0.33298,-0.15696,0.58673,-0.38048,1.3148
-0.85766,-1.3569,2.7381,-1.0598,-0.96515,0.43827,0.68853,0.12703,0.72329,-0.50533,-1.088,-0.28047,0.1056,0.30407,3.132,-1.1169,-0.15825,-0.82935,-1.6177,-0.28811
-0.15443,-0.33136,2.7381,-1.0652,-0.33005,5.2642,-1.7638,-0.41777,-0.14538,-0.50533,-0.64128,-0.32269,-0.13647,0.40349,1.5404,-0.11635,-0.15785,0.58673,-0.098495,1.3148
0.2844,-0.86807,2.7381,-0.95103,0.20162,4.0526,-1.7638,-0.41777,-0.15986,-0.64141,-0.73555,-0.3438,-0.16427,0.35378,0.39176,0.42856,-0.15815,-0.82935,-1.015,-0.28811
-0.9775,-3.2578,2.7381,-1.0652,-1.0963,0.005923,0.97436,-0.14537,0.78134,-0.50533,-1.1599,-0.32269,0.072152,-0.39182,5.1795,-1.4897,-0.15806,-0.35732,-1.7727,-0.28811
-0.22,-1.3973,2.7381,-1.0652,-0.2541,2.6678,-0.81653,-0.41777,0.15034,-0.64141,-0.72201,-0.3438,-0.026251,0.75143,2.4488,-0.34463,-0.15684,0.58673,-0.33111,1.3148
-0.97603,-3.1422,2.7381,-1.0652,-1.0946,0.022449,0.96641,-0.14537,0.79427,-0.50533,-1.187,-0.30158,0.065894,-0.043873,5.4893,-1.475,-0.15796,-0.35732,-1.5763,-0.28811
-0.59554,-2.3488,2.7381,-1.0652,-0.69485,1.0877,0.19383,-0.14537,0.67411,-0.50533,-0.99605,-0.31214,0.11823,0.75143,3.2681,-0.65572,-0.15767,-0.35732,-1.2961,-0.28811
-0.60315,-0.67993,2.7381,-1.0652,-0.703,1.4265,0.068669,-0.14537,0.47302,-0.50533,-1.0324,-0.32269,0.0082498,0.15495,1.901,-0.50306,-0.15843,-0.35732,-1.5219,-0.28811
-0.29269,-0.2581,2.7381,-1.0652,-0.38747,4.7596,-1.5154,-0.41777,0.11876,-0.50533,-0.46242,-0.29103,0.14107,0.75143,1.8562,-0.25895,-0.15742,0.58673,-0.60977,1.3148
-0.6354,-1.02,2.7381,-1.0652,-0.7376,1.2783,0.15743,-0.14537,0.59083,-0.50533,-1.0303,-0.32269,0.0559,0.75143,2.2301,-0.61519,-0.15821,-0.35732,-1.222,-0.28811
-0.98062,-2.8714,2.7381,-1.0652,-1.0651,-0.35681,1.0884,-0.28157,0.74425,-0.64141,-1.183,-0.33325,0.048704,-0.34211,4.6601,-1.5012,-0.15816,0.020298,-1.7056,-0.28811
-0.97422,-2.8251,2.7381,-1.0652,-1.0982,-0.32988,1.1073,-0.28157,0.76331,-0.50533,-1.2027,-0.33325,0.046217,-0.2924,5.5818,-1.4823,-0.15816,0.020298,-1.7139,-0.28811
-0.7264,-2.8074,2.7381,-1.0652,-0.81894,0.58234,0.50195,-0.14537,0.62074,-0.50533,-1.0889,-0.32269,0.048646,0.70172,2.6861,-0.85693,-0.15786,-0.35732,-1.1791,0.2462
-0.98776,-2.9229,2.7381,-1.0652,-1.1105,-0.3868,1.1405,-0.14537,0.79415,-0.50533,-1.2023,-0.32269,0.057391,-0.2427,5.8206,-1.5102,-0.15815,-0.35732,-1.7294,-0.28811
-0.98421,-3.4172,2.7381,-1.0652,-1.1065,-0.41329,1.1473,-0.28157,0.77468,-0.64141,-1.2098,-0.33325,0.048874,-0.44152,6.3016,-1.519,-0.15814,-0.54614,-1.7972,-0.28811
-0.78667,-2.5859,2.7381,-1.0652,-0.70168,0.45861,0.44585,-0.28157,0.42516,-0.50533,-0.74701,-0.31214,0.079453,0.75143,1.3439,-0.85363,-0.15831,0.020298,-1.2988,0.35305
0.07857,0.031449,2.7381,-0.70837,-0.26743,2.1681,-0.6093,2.851,1.5762,-0.50533,-0.29727,0.8014,1.3984,0.35378,1.497,-1.2076,-0.15833,-1.8408,-2.0835,-0.28811
-0.2794,0.4256,2.7381,-0.61589,-0.48641,0.78702,0.12569,2.851,3.2189,-0.50533,-0.12814,0.8014,2.9775,0.45319,1.6625,-1.4913,-0.15818,-2.0431,-2.5709,-0.28811
0.23101,-0.234,2.7381,-0.73311,-0.083437,3.1796,-1.1686,-0.28157,0.02577,-0.50533,-0.96748,-0.32269,-0.13252,0.65202,0.44284,-0.50776,-0.15866,-1.1126,-1.5855,-0.28811
-0.84566,0.83152,-0.67392,-0.75602,-0.94083,-0.19541,0.91457,-0.55397,-0.17787,-0.64141,-0.40694,-0.36491,-0.30855,-1.9327,-0.074482,-0.32827,-0.13373,1.5308,1.2039,2.9177
-0.32655,0.83152,-0.053546,-0.44685,-0.64018,-0.19541,0.64673,-0.55397,-0.21334,-0.64141,-0.39183,-0.36491,-0.31057,-1.9327,-0.064477,-0.38341,-0.13482,1.5308,1.2916,2.9177
1.8218,0.55422,2.7381,1.4156,1.1709,1.3483,-1.5702,-0.14537,-0.58174,-0.64141,-0.77995,-0.33852,-0.37997,0.75143,-0.2269,1.4878,-0.15958,-1.7734,-0.35514,-0.28811
1.8218,0.55422,2.7381,1.4156,1.1709,1.3483,-1.5702,-0.14537,-0.58174,-0.64141,-0.77995,-0.33852,-0.37997,0.75143,-0.2269,1.4878,-0.15958,-1.7734,-0.35514,-0.28811
1.8218,0.55422,2.7381,1.4156,1.1709,1.3483,-1.5702,-0.14537,-0.58174,-0.64141,-0.77995,-0.33852,-0.37997,0.75143,-0.2269,1.4878,-0.15958,-1.7734,-0.35514,-0.28811
-0.99454,0.71936,2.7381,-0.97102,-1.1499,-0.78876,1.3328,2.5786,0.55149,-0.64141,-1.3047,0.6378,-0.07006,-2.0818,1.6106,-1.5441,-0.15829,-2.0276,-1.9413,-0.28811
-0.99224,0.83152,2.7381,-0.96907,-1.148,-0.75277,1.317,2.851,0.83612,-0.64141,-1.0581,0.65891,0.14327,-2.2807,1.918,-1.5619,-0.1583,-2.0431,-2.1468,-0.28811
-0.013066,-0.065182,2.7381,-0.82427,-0.3044,4.5651,-1.5134,-0.28157,0.16349,-0.50533,-0.31688,-0.26992,0.16046,0.75143,1.0945,-0.37849,-0.1587,0.020298,-1.6749,-0.28811
0.29857,-0.14096,2.7381,-0.54265,0.028853,4.4463,-1.7638,-0.28157,-0.062459,-0.50533,-0.32577,-0.32269,0.0070378,0.75143,0.30843,-0.25895,-0.15876,-1.679,-1.5991,-0.28811
0.087988,0.22302,2.7381,-0.79994,-0.50662,1.8625,-0.27675,6.1198,3.3791,-0.23316,-0.11351,1.9413,3.1483,0.75143,3.0205,-1.5482,-0.15815,-2.0276,-2.4577,-0.28811
0.07368,0.21611,2.7381,-0.79875,-0.50005,1.8304,-0.27003,6.1198,3.4021,-0.36924,-0.11553,1.9413,3.1624,0.75143,3.0177,-1.5471,-0.15815,-2.0276,-2.46,-0.28811
1.1255,-0.46611,2.7381,-0.63412,0.19474,4.0683,-1.7638,-0.009172,0.014898,-0.50533,-0.73758,-0.28047,-0.064071,0.60231,0.39846,-0.78138,-0.15852,-1.8408,-1.6883,-0.28811
1.8714,0.62758,2.7381,1.412,1.1675,1.4871,-1.6214,0.12703,-0.57794,-0.64141,-0.78422,-0.30686,-0.37633,0.75143,-0.20749,-0.069607,-0.15885,-1.8914,-0.37265,-0.28811
-1.0454,0.77851,2.7381,-1.0153,-1.193,-0.81745,1.3824,5.9836,0.61035,-0.50533,-1.256,1.6722,-0.033831,-0.64035,3.2686,-1.6852,-0.1581,-2.1344,-2.0989,-0.28811
-1.0462,0.77921,2.7381,-1.016,-1.1936,-0.81829,1.3833,5.9836,0.57592,-0.50533,-1.266,1.6722,-0.049819,-0.64035,3.2151,-1.6866,-0.1581,-2.1899,-2.094,-0.28811
2.0094,0.83152,-0.23966,1.9028,1.6447,0.76381,-1.7638,-0.82637,-0.70995,-0.64141,-0.37552,-0.33852,-0.27986,-3.076,-0.025221,-1.6273,0.20801,0.58673,0.41921,-0.28811
-0.24003,-0.44711,-0.15694,-0.24075,0.16153,-0.4238,0.021766,-0.28157,-0.1424,-0.50533,-0.29475,-0.32005,-0.20957,-0.69006,-0.028859,-0.54282,-0.12621,0.58673,0.61718,0.35305
-0.37235,-0.52233,-0.10829,-0.19225,0.24406,-0.39693,-0.062263,-0.14537,-0.033892,-0.50533,-0.29361,-0.30686,-0.17321,-0.69006,-0.0065467,-0.48772,-0.12618,0.58673,0.60059,0.78048
-0.37235,0.83152,-0.76515,-0.41048,-0.60481,0.086712,0.50493,-0.55397,-0.20917,-0.09707,0.20326,-0.32005,-0.14327,-0.93859,-0.081743,-0.56007,-0.12618,1.5308,1.2357,2.9177
-0.066999,0.83152,-0.80686,-0.0051945,-0.2107,-0.097533,0.22583,-0.55397,-0.28429,-0.09707,0.10911,-0.32533,-0.19284,-1.0877,-0.16451,-0.091683,-0.14402,1.5308,0.7816,1.8491
0.027384,0.13408,-0.87131,0.17147,0.17975,-0.63143,0.086697,-0.55397,-0.36168,-0.09707,0.13688,-0.31477,-0.23197,-1.1374,-0.16595,-0.48959,-0.14565,0.58673,0.44189,0.78048
-0.066999,0.83152,-0.80686,-0.0051945,-0.2107,-0.097533,0.22583,-0.55397,-0.28429,-0.09707,0.10911,-0.32533,-0.19515,-1.0877,-0.16304,-0.091683,-0.14402,1.5308,0.7816,1.8491
0.027384,0.13408,-0.87131,0.17147,0.17975,-0.63143,0.086697,-0.55397,-0.36168,-0.09707,0.13688,-0.31477,-0.23197,-1.1374,-0.16574,-0.49998,-0.14549,0.58673,0.44189,0.78048
-0.45633,0.064338,-0.82901,-0.44685,-0.33954,-0.53799,0.5128,-0.55397,-0.28429,-0.09707,0.039704,-0.31477,-0.19846,-0.93859,-0.096436,-0.62454,-0.13449,1.5308,0.62507,1.8491
0.21252,0.47743,-0.98411,0.50441,0.42363,-0.88058,-0.033176,-0.55397,-0.39889,-0.50533,-0.11638,-0.36227,-0.29254,-0.88888,-0.1643,-1.0107,-0.12138,0.58673,-0.16062,0.78048
-0.38912,0.42015,-0.74266,-0.2764,-0.39122,-0.62873,0.59432,-0.009172,-0.19915,0.039015,-0.3724,-0.11159,-0.19318,0.65202,-0.063739,-1.6007,-0.15813,-1.8408,-1.4054,-0.28811
-0.38791,0.42073,-0.74301,-0.27486,-0.38985,-0.62909,0.59323,-0.009172,-0.19928,0.039015,-0.37226,-0.11159,-0.1932,0.65202,-0.064185,-1.6029,-0.15812,-1.8408,-1.4052,-0.28811
-0.38852,0.42044,-0.7415,-0.27697,-0.39183,-0.62595,0.59377,-0.009172,-0.19937,0.039015,-0.37296,-0.11159,-0.19336,0.65202,-0.063679,-1.6027,-0.15813,-1.8408,-1.4051,-0.28811
-0.38878,0.42059,-0.74158,-0.27725,-0.39214,-0.62604,0.59408,-0.009172,-0.1994,0.039015,-0.3724,-0.11159,-0.19315,0.65202,-0.063988,-1.6028,-0.15813,-1.8408,-1.405,-0.28811
-0.38817,0.42088,-0.74042,-0.27648,-0.39145,-0.62623,0.59354,-0.009172,-0.19931,0.039015,-0.37258,-0.11159,-0.19309,0.65202,-0.064286,-1.6029,-0.15812,-1.8408,-1.4052,-0.28811
-0.38722,0.42162,-0.73952,-0.2739,-0.38909,-0.62964,0.59277,-0.009172,-0.19931,0.039015,-0.37248,-0.11159,-0.19295,0.65202,-0.064545,-1.6033,-0.15812,-1.8408,-1.4052,-0.28811
-0.38645,0.42118,-0.73792,-0.27305,-0.38817,-0.62937,0.59185,-0.009172,-0.19952,0.039015,-0.37227,-0.11159,-0.19315,0.65202,-0.064142,-1.6031,-0.15812,-1.8408,-1.4048,-0.28811
-0.39304,0.42203,-0.7434,-0.28051,-0.39593,-0.62795,0.59821,-0.009172,-0.19821,0.039015,-0.37185,-0.11159,-0.19266,0.65202,-0.064172,-1.6042,-0.15812,-1.8408,-1.407,-0.28811
-0.39218,0.42217,-0.74083,-0.27946,-0.39494,-0.62804,0.59737,-0.009172,-0.19839,0.039015,-0.37174,-0.11159,-0.1928,0.65202,-0.064003,-1.6043,-0.15812,-1.8408,-1.4067,-0.28811
-0.39218,0.42217,-0.74216,-0.28079,-0.39623,-0.62511,0.59737,-0.009172,-0.19839,0.039015,-0.37157,-0.11159,-0.19265,0.65202,-0.064185,-1.6043,-0.15812,-1.8408,-1.4067,-0.28811
-0.80379,0.68303,-0.74396,-0.82583,-1.0087,-0.35013,1.0355,-0.41777,-0.16071,-0.36924,-0.51588,-0.32269,-0.22326,-0.2924,-0.17624,-0.24513,-0.14669,0.58673,0.64682,1.3148
-0.39218,0.42217,-0.74216,-0.27946,-0.39494,-0.62804,0.59737,-0.009172,-0.19839,0.039015,-0.37174,-0.11159,-0.19274,0.65202,-0.064052,-1.6043,-0.15812,-1.8408,-1.4067,-0.28811
-0.39218,0.42217,-0.74216,-0.28079,-0.39623,-0.62511,0.59737,-0.009172,-0.19839,0.039015,-0.37157,-0.11159,-0.19265,0.65202,-0.064185,-1.6043,-0.15812,-1.8408,-1.4067,-0.28811
-0.52122,0.83152,-0.75147,-0.60143,-0.7905,-0.3667,0.84761,-0.55397,-0.28429,-0.09707,-0.20325,-0.32533,-0.2126,-1.7836,-0.031443,-1.2509,-0.089204,1.5308,0.69797,1.8491
-0.25576,0.83152,-0.64572,-0.39064,-0.58552,-0.13313,0.57368,-0.41777,-0.32298,-0.09707,-0.24427,-0.28311,-0.18203,-1.7339,0.29526,-1.6396,0.21852,1.2948,1.0737,0.51334
-0.25576,0.83152,0.031049,-0.39064,-0.58552,-0.13313,0.57368,-0.41777,-0.32298,-0.23316,-0.29475,-0.29103,-0.18423,-2.6286,0.34595,-1.5757,0.0119,1.2948,1.513,0.51334
-0.38662,0.42191,-0.73569,-0.27314,-0.38841,-0.62982,0.59223,-0.009172,-0.19921,0.039015,-0.37179,-0.11159,-0.19219,0.65202,-0.064725,-1.6034,-0.15812,-1.8408,-1.4053,-0.28811
-0.38765,0.4225,-0.74138,-0.27294,-0.38834,-0.63018,0.59231,-0.009172,-0.19873,0.039015,-0.37228,-0.11159,-0.19249,0.65202,-0.064995,-1.6037,-0.15812,-1.8408,-1.4061,-0.28811
-0.38482,0.4228,-0.73222,-0.27085,-0.38637,-0.63035,0.59063,-0.009172,-0.19924,0.039015,-0.372,-0.11159,-0.19246,0.65202,-0.064717,-1.6038,-0.15812,-1.8408,-1.4053,-0.28811
-0.38912,0.42015,-0.74266,-0.2764,-0.39122,-0.62873,0.59432,-0.009172,-0.19915,0.039015,-0.3724,-0.11159,-0.19318,0.65202,-0.063739,-1.6007,-0.15813,-1.8408,-1.4054,-0.28811
-0.38653,0.42059,-0.74292,-0.27324,-0.38824,-0.629,0.59177,-0.009172,-0.19971,0.039015,-0.37191,-0.11159,-0.19323,0.65202,-0.064573,-1.6028,-0.15813,-1.8408,-1.4045,-0.28811
-0.38679,0.42073,-0.74033,-0.27353,-0.38855,-0.62909,0.59208,-0.009172,-0.19943,0.039015,-0.37236,-0.11159,-0.19316,0.65202,-0.064307,-1.6029,-0.15812,-1.8408,-1.405,-0.28811
2.0094,0.83152,-0.36373,2.0264,1.765,0.48975,-1.7638,-0.82637,-0.70995,-0.64141,-0.26951,-0.37019,-0.4156,-1.4854,-0.13726,-1.6868,0.93974,0.58673,0.41921,-0.28811
0.3844,0.83152,-0.82227,0.54784,0.3271,-0.5231,-0.086925,-0.28157,-0.0066791,-0.64141,-0.73007,-0.33588,-0.19218,-0.98829,-0.13497,0.14485,-0.14773,0.58673,-0.11857,-0.28811
0.62514,0.83152,-0.2948,0.8585,0.6292,-0.57606,-0.33536,-0.28157,-0.11087,-0.64141,-0.75066,-0.33588,-0.23067,-0.14329,-0.16141,0.42515,-0.14993,0.58673,-0.27659,-0.28811
2.0094,0.83152,-0.57052,2.2326,1.9654,0.032973,-1.7638,-0.82637,-0.70995,-0.64141,-0.21061,-0.37547,-0.39405,-1.4357,-0.22225,-1.0659,-0.073276,0.58673,0.41921,-0.28811
2.0094,0.83152,-0.73596,2.3974,2.1257,-0.33245,-1.7638,-0.82637,-0.70995,-0.64141,-0.16349,-0.37547,-0.39944,-1.5351,-0.23795,-1.0787,-0.11412,0.58673,0.41921,-0.28811
0.3844,0.83152,-0.82227,0.54784,0.3271,-0.5231,-0.086925,-0.28157,-0.0066791,-0.64141,-0.71268,-0.33588,-0.18797,-1.038,-0.15501,0.40022,-0.15022,0.58673,-0.13458,0.35305
0.3844,0.83152,-0.82227,0.54784,0.3271,-0.5231,-0.086925,-0.28157,-0.0066791,-0.64141,-0.71268,-0.33588,-0.19429,-0.78947,-0.14895,0.10893,-0.14671,0.58673,-0.26754,-0.28811
0.62514,0.83152,-0.2948,0.8585,0.6292,-0.57606,-0.33536,-0.28157,-0.11087,-0.64141,-0.75066,-0.33588,-0.23067,-0.2427,-0.16225,0.59733,-0.15148,0.58673,-0.22304,-0.28811
2.0094,0.83152,0.031049,2.3075,2.0383,-0.13313,-1.7638,-0.82637,-0.70995,-0.64141,-0.41407,-0.38338,-0.43764,-1.0877,-0.22083,-0.8223,-0.10431,0.58673,0.41921,-0.28811
2.0094,0.83152,-0.32724,2.4265,2.154,-0.39693,-1.7638,-0.82637,-0.70995,-0.64141,-0.23833,-0.38338,-0.4213,-0.88888,-0.21815,-1.0388,-0.10474,0.58673,0.41921,-0.28811
2.0094,0.83152,-0.57052,2.2326,1.9654,0.032973,-1.7638,-0.82637,-0.70995,-0.64141,-0.21061,-0.38074,-0.39944,-1.4357,-0.23593,-0.82986,-0.09931,0.58673,0.41921,-0.28811
2.0094,0.83152,-0.32724,2.4265,2.154,-0.39693,-1.7638,-0.82637,-0.70995,-0.64141,-0.23833,-0.38338,-0.4213,-0.64035,-0.22557,-1.0756,-0.099379,0.58673,0.41921,-0.28811
0.45211,0.83152,-0.67392,0.63521,0.41206,-0.53799,-0.1568,-0.28157,-0.035982,-0.64141,-0.73118,-0.33588,-0.20149,-0.69006,-0.15559,0.414,-0.14979,0.58673,-0.084903,-0.28811
2.0094,0.83152,-0.23966,1.9028,1.6447,0.76381,-1.7638,-0.82637,-0.70995,-0.64141,-0.16349,-0.37019,-0.39621,-1.2865,-0.17015,-1.654,0.94321,0.58673,0.41921,-0.28811
2.0094,0.83152,-0.45236,2.1148,1.8509,0.29399,-1.7638,-0.82637,-0.70995,-0.64141,0.26056,-0.37547,-0.3602,-1.7836,-0.20757,-1.3137,-0.0048024,0.58673,0.41921,-0.28811
2.0094,0.83152,-0.45236,2.1148,1.8509,0.29399,-1.7638,-0.82637,-0.70995,-0.36924,1.1693,-0.37283,-0.28402,-0.93859,-0.17087,-1.5064,0.23843,0.58673,0.41921,-0.28811
2.0094,0.83152,-0.64572,2.3075,2.0383,-0.13313,-1.7638,-0.82637,-0.70995,-0.36924,1.4171,-0.37283,-0.24373,-0.34211,-0.19088,-1.4499,0.1061,0.58673,0.41921,-0.28811
2.0094,0.83152,-0.64572,2.3075,2.0383,-0.13313,-1.7638,-0.82637,-0.70995,-0.50533,0.64608,-0.38602,-0.35831,-2.5292,-0.20366,-1.4749,-0.041115,0.58673,0.41921,-0.28811
2.0094,0.83152,-0.67392,2.3356,2.0656,-0.19541,-1.7638,-0.82637,-0.70995,-0.50533,0.87898,-0.3438,-0.31461,-1.5351,-0.25964,-1.0684,-0.09772,0.58673,0.41921,-0.28811
2.0094,0.83152,-0.51883,2.181,1.9153,0.14717,-1.7638,-0.82637,-0.70995,-0.50533,1.1882,-0.3438,-0.3035,-1.5848,-0.21146,-1.4038,0.0017527,0.58673,0.41921,-0.28811
2.0094,0.83152,-0.98411,2.6448,2.3662,-0.88058,-1.7638,-0.82637,-0.70995,-0.64141,-0.16349,-0.37019,-0.4156,-1.7339,-0.16888,-1.6438,0.56728,0.58673,0.41921,-0.28811
2.0094,0.83152,-0.98411,2.6448,2.3662,-0.88058,-1.7638,-0.82637,-0.70995,-0.64141,-0.19378,-0.38338,-0.4156,-1.4854,-0.21937,-1.0823,-0.10299,0.58673,0.41921,-0.28811
0.45211,0.83152,0.87701,0.7898,0.56239,3.2304,-1.7638,-0.55397,-0.28429,0.1751,2.1158,-0.27519,0.45699,-1.038,-0.25481,-1.662,1.0122,0.58673,-1.1013,-2.4253
0.45211,0.83152,0.87701,0.7898,0.56239,3.2304,-1.7638,-0.69017,-0.49712,-0.36924,1.3207,-0.31214,0.11765,-1.6345,0.83229,-1.698,3.4659,0.58673,-0.65034,-1.891
0.45211,0.83152,0.87701,0.7898,0.56239,3.2304,-1.7638,-0.69017,-0.49712,-0.36924,1.3207,-0.31214,0.11765,-2.5789,0.60224,-1.7223,2.9348,0.58673,-0.62391,-1.891
0.45211,0.83152,0.87701,0.7898,0.56239,3.2304,-1.7638,-0.69017,-0.49712,-0.36924,1.3207,-0.31214,0.11765,-1.5848,0.34623,-1.771,16.63,0.58673,-0.65297,-1.891
0.45211,0.83152,0.87701,0.7898,0.56239,3.2304,-1.7638,-0.69017,-0.49712,-0.36924,1.3207,-0.31214,0.11765,-2.4795,0.65663,-1.6416,1.3559,0.58673,-0.62827,-1.891
0.45211,0.83152,0.87701,0.7898,0.56239,3.2304,-1.7638,-0.69017,-0.49712,-0.36924,1.3207,-0.31214,0.11765,-2.231,0.69291,-1.6337,1.4964,0.58673,-0.63716,-1.891
0.45211,0.83152,0.87701,0.7898,0.56239,3.2304,-1.7638,-0.69017,-0.49712,-0.36924,1.3207,-0.31214,0.11765,-1.5848,0.33589,-1.764,12.554,0.58673,-0.65297,-1.891
0.45211,0.83152,0.87701,0.7898,0.56239,3.2304,-1.7638,-0.69017,-0.49712,-0.36924,1.3207,-0.31214,0.11765,-2.5292,0.58786,-1.7245,3.1379,0.58673,-0.62616,-1.891
0.45211,0.83152,0.87701,0.7898,0.56239,3.2304,-1.7638,-0.69017,-0.49712,-0.36924,1.3207,-0.31214,0.11765,-1.1871,0.11761,-1.7494,8.7795,0.58673,-0.65531,-1.891
0.45211,0.83152,0.87701,0.7898,0.56239,3.2304,-1.7638,-0.69017,-0.49712,-0.36924,1.3207,-0.31214,0.11765,-1.5351,0.30049,-1.7724,18.089,0.58673,-0.65378,-1.891
0.45211,0.83152,0.87701,0.7898,0.56239,3.2304,-1.7638,-0.69017,-0.49712,-0.36924,1.3207,-0.31214,0.11765,-1.7836,0.84152,-1.6912,3.1509,0.58673,-0.64939,-1.891
0.45211,0.83152,0.87701,0.7898,0.56239,3.2304,-1.7638,-0.69017,-0.49712,-0.36924,1.3207,-0.31214,0.11765,-2.1315,0.42386,-1.5211,0.84038,0.58673,-0.6401,-1.891
0.45211,0.83152,0.87701,0.7898,0.56239,3.2304,-1.7638,-0.69017,-0.49712,-0.36924,1.3207,-0.31214,0.11765,-1.883,-0.029871,-1.7342,3.9267,0.58673,-0.63026,-1.891
2.0094,0.83152,0.87701,0.7898,0.56239,3.2304,-1.7638,-0.82637,-0.70995,0.1751,2.9109,-0.33852,-0.1005,-0.93859,-0.22025,-1.6669,1.447,0.58673,0.41921,-0.28811
2.0094,0.83152,0.87701,0.7898,0.56239,3.2304,-1.7638,-0.82637,-0.70995,0.1751,4.5012,-0.33852,0.069171,-1.038,-0.25481,-1.662,1.0122,0.58673,0.41921,-0.28811
2.0094,0.83152,0.87701,0.7898,0.56239,3.2304,-1.7638,-0.82637,-0.70995,-0.36924,1.3207,-0.37547,-0.22169,-1.6345,0.83277,-1.698,3.4659,0.58673,0.41921,-0.28811
2.0094,0.83152,0.87701,0.7898,0.56239,3.2304,-1.7638,-0.82637,-0.70995,-0.36924,1.3207,-0.37547,-0.22169,-1.9824,0.38926,-1.7107,3.4347,0.58673,0.41921,-0.28811
2.0094,0.83152,0.87701,0.7898,0.56239,3.2304,-1.7638,-0.82637,-0.70995,-0.36924,1.3207,-0.37547,-0.22169,-2.5789,0.60278,-1.7223,2.9348,0.58673,0.41921,-0.28811
2.0094,0.83152,0.87701,0.7898,0.56239,3.2304,-1.7638,-0.82637,-0.70995,-0.36924,1.3207,-0.37547,-0.22169,-1.1374,0.089097,-1.6496,1.0539,0.58673,0.41921,-0.28811
2.0094,0.83152,0.87701,0.7898,0.56239,3.2304,-1.7638,-0.82637,-0.70995,-0.36924,1.3207,-0.37547,-0.22169,-1.5848,0.34627,-1.771,16.63,0.58673,0.41921,-0.28811
2.0094,0.83152,0.87701,0.7898,0.56239,3.2304,-1.7638,-0.82637,-0.70995,-0.36924,1.3207,-0.37547,-0.22169,-1.3362,0.25473,-1.7498,9.1909,0.58673,0.41921,-0.28811
2.0094,0.83152,0.87701,0.7898,0.56239,3.2304,-1.7638,-0.82637,-0.70995,-0.36924,1.3207,-0.37547,-0.22169,-2.4795,0.65728,-1.6416,1.3559,0.58673,0.41921,-0.28811
2.0094,0.83152,0.87701,0.7898,0.56239,3.2304,-1.7638,-0.82637,-0.70995,-0.36924,1.3207,-0.37547,-0.22169,-2.5292,0.64086,-1.7242,3.1249,0.58673,0.41921,-0.28811
2.0094,0.83152,0.87701,0.7898,0.56239,3.2304,-1.7638,-0.82637,-0.70995,-0.36924,1.3207,-0.37547,-0.22169,-2.231,0.69376,-1.6337,1.4964,0.58673,0.41921,-0.28811
2.0094,0.83152,0.87701,0.7898,0.56239,3.2304,-1.7638,-0.82637,-0.70995,-0.36924,1.3207,-0.37547,-0.22169,-1.7836,0.081915,-1.7304,5.2545,0.58673,0.41921,-0.28811
2.0094,0.83152,0.87701,0.7898,0.56239,3.2304,-1.7638,-0.82637,-0.70995,-0.36924,1.3207,-0.37547,-0.22169,-1.5848,0.33596,-1.764,12.554,0.58673,0.41921,-0.28811
2.0094,0.83152,0.87701,0.7898,0.56239,3.2304,-1.7638,-0.82637,-0.70995,-0.36924,1.3207,-0.37547,-0.22169,-1.6842,2.621,-1.7445,6.8478,0.58673,0.41921,-0.28811
2.0094,0.83152,0.87701,0.7898,0.56239,3.2304,-1.7638,-0.82637,-0.70995,-0.36924,1.3207,-0.37547,-0.22169,-2.5292,0.58827,-1.7245,3.1379,0.58673,0.41921,-0.28811
2.0094,0.83152,0.87701,0.7898,0.56239,3.2304,-1.7638,-0.82637,-0.70995,-0.36924,1.3207,-0.37547,-0.22169,-1.8333,2.9767,-1.7457,6.5822,0.58673,0.41921,-0.28811
2.0094,0.83152,0.87701,0.7898,0.56239,3.2304,-1.7638,-0.82637,-0.70995,-0.36924,1.3207,-0.37547,-0.22169,-1.1871,0.11767,-1.7494,8.7795,0.58673,0.41921,-0.28811
2.0094,0.83152,0.87701,0.7898,0.56239,3.2304,-1.7638,-0.82637,-0.70995,-0.36924,1.3207,-0.37547,-0.22169,-1.5351,0.32988,-1.7694,15.78,0.58673,0.41921,-0.28811
-0.066999,0.39313,-0.27511,-0.0051945,0.1329,-0.48905,0.072783,-0.41777,-0.30456,-0.64141,-0.54101,-0.37019,-0.3602,-0.98829,-0.093671,-1.0109,-0.11501,-0.12131,-0.2295,0.51334
0.19256,0.83152,-0.36373,0.32605,0.11142,-0.53799,0.11104,-0.41777,-0.16013,-0.64141,-0.74175,-0.35436,-0.28633,0.5526,-0.18156,0.43649,-0.14599,0.58673,-0.43494,-0.28811
0.17729,0.83152,-0.10829,0.24421,0.03184,-0.39693,0.1268,-0.55397,-0.3594,-0.64141,-0.56019,-0.37283,-0.36997,-1.1374,-0.17804,-0.5659,-0.1297,0.58673,0.078737,0.78048
1.0511,0.83152,0.44752,1.2179,0.97866,-0.24812,-0.77489,-0.28157,-0.44801,-0.64141,-0.34524,-0.31214,-0.34102,-0.83918,-0.0461,-1.0159,-0.082733,0.58673,0.9892,2.2765
0.25744,0.83152,-0.053546,0.32605,0.11142,-0.3667,0.044085,-0.55397,-0.3907,-0.64141,-0.45882,-0.37019,-0.37318,-0.83918,-0.15074,-0.79012,-0.11247,0.58673,0.17303,0.78048
0.89706,0.83152,0.34527,1.0548,0.82008,-0.29329,-0.61595,-0.28157,-0.3451,-0.64141,-0.51416,-0.35436,-0.31518,-0.98829,-0.10614,-0.55089,-0.12493,0.58673,0.25838,0.35305
0.17729,0.83152,-0.10829,0.24421,0.03184,-0.39693,0.1268,-0.55397,-0.3594,-0.64141,-0.56019,-0.37283,-0.36997,-1.038,-0.1728,-0.4675,-0.13169,0.58673,0.10088,0.78048
0.14064,0.83152,-0.61188,0.2333,0.02123,-0.46948,0.16461,-0.41777,-0.1353,-0.64141,-0.64168,-0.35436,-0.27259,-0.59064,-0.14977,0.18959,-0.14423,0.58673,-0.2795,0.51334
0.092726,0.83152,-0.41145,0.076343,-0.1314,-0.24812,0.21406,-0.55397,-0.38252,-0.64141,-0.33865,-0.37283,-0.36712,-1.0877,-0.21469,-0.90147,-0.10576,0.58673,-0.25038,0.78048
0.092726,0.83152,-0.41145,0.076343,-0.1314,-0.24812,0.21406,-0.55397,-0.38252,-0.64141,-0.33865,-0.37283,-0.36712,-0.93859,-0.17284,-0.91404,-0.09535,0.58673,-0.18133,0.78048
-0.12164,0.34698,-0.39638,-0.088876,0.087687,-0.44784,0.096947,-0.41777,-0.30669,-0.50533,-0.45576,-0.37283,-0.35947,-0.98829,-0.13053,-0.86812,-0.122,-0.12131,-0.12325,0.51334
-0.066999,0.83152,-0.48781,-0.075858,-0.27941,-0.33245,0.37889,-0.55397,-0.31267,-0.64141,-0.68991,-0.37283,-0.38975,-1.3362,-0.041317,-0.851,-0.1136,0.58673,0.53455,0.78048
-0.52122,0.25613,-0.98411,-0.36956,-0.11406,-0.88058,0.44585,-0.41777,-0.23108,-0.64141,-0.55014,-0.37283,-0.355,-1.6345,0.14187,-1.3646,-0.066262,-0.12131,0.35094,0.51334
1.4903,0.83152,-0.98411,1.4081,1.1637,0.48975,-1.2282,-0.69017,-0.63901,-0.23316,0.71491,-0.3438,-0.22977,-1.9327,-0.18286,-1.6926,0.77182,0.58673,0.013007,-1.891
2.0094,0.83152,-0.23966,1.9028,1.6447,0.76381,-1.7638,-0.82637,-0.70995,-0.23316,1.3207,-0.25936,-0.042326,-2.231,-0.16179,-1.7193,1.064,0.58673,0.41921,-0.28811
2.0094,0.83152,0.87701,1.7173,1.4643,1.1749,-1.7638,-0.82637,-0.70995,-0.23316,1.3207,-0.3438,-0.16716,-2.5789,-0.11393,-1.5927,0.37307,0.58673,0.41921,-0.28811
2.0094,0.83152,0.87701,1.7173,1.4643,1.1749,-1.7638,-0.82637,-0.70995,-0.23316,1.3207,-0.3438,-0.16716,-2.5789,-0.11484,-1.5927,0.37307,0.58673,0.41921,-0.28811
2.0094,0.83152,0.87701,1.7173,1.4643,1.1749,-1.7638,-0.82637,-0.70995,0.039015,1.8508,-0.33325,-0.14292,-2.6286,-0.12349,-1.6093,0.40431,0.58673,0.41921,-0.28811
2.0094,0.83152,0.87701,1.7173,1.4643,1.1749,-1.7638,-0.82637,-0.70995,-0.09707,1.5857,-0.33325,-0.14292,-2.6286,-0.12368,-1.6093,0.40431,0.58673,0.41921,-0.28811
2.0094,0.83152,-0.98411,1.4081,1.1637,1.8601,-1.7638,-0.82637,-0.70995,-0.50533,0.26056,-0.37283,-0.31865,-1.9327,-0.1082,-1.7256,2.9843,0.58673,0.41921,-0.28811
1.2308,0.83152,-0.053546,0.7898,0.56239,1.1749,-0.96032,-0.69017,-0.60354,0.1751,1.5327,-0.22242,0.11159,-0.88888,-0.13314,-1.709,2.4382,0.58673,-0.20666,-1.891
1.2308,0.83152,-0.053546,0.7898,0.56239,1.1749,-0.96032,-0.69017,-0.60354,0.1751,1.5327,-0.26464,0.014634,-1.038,-0.12681,-1.7021,2.161,0.58673,-0.20523,-1.891
2.0094,0.83152,0.87701,1.7173,1.4643,1.1749,-1.7638,-0.82637,-0.70995,0.039015,1.8508,-0.19603,0.15401,-1.4357,-0.11712,-1.7058,2.0601,0.58673,0.41921,-0.28811
2.0094,0.83152,-0.98411,1.4081,1.1637,1.8601,-1.7638,-0.82637,-0.70995,-0.50533,0.26056,-0.38074,-0.34288,-2.5789,-0.11146,-1.6443,0.74449,0.58673,0.41921,-0.28811
2.0094,0.83152,-0.98411,1.4081,1.1637,1.8601,-1.7638,-0.82637,-0.70995,-0.50533,0.61394,-0.37283,-0.29441,-2.1315,-0.15087,-1.713,2.2467,0.58673,0.41921,-0.28811
2.0094,0.83152,-0.98411,1.4081,1.1637,1.8601,-1.7638,-0.82637,-0.70995,-0.50533,0.61394,-0.37283,-0.29441,-1.9824,-0.14498,-1.7149,2.3673,0.58673,0.41921,-0.28811
2.0094,0.83152,-0.98411,1.7173,1.4643,1.1749,-1.7638,-0.82637,-0.70995,-0.50533,1.0557,-0.37283,-0.24593,-1.7339,-0.15207,-1.6799,1.1717,0.58673,0.41921,-0.28811
2.0094,0.83152,-0.98411,1.7173,1.4643,1.1749,-1.7638,-0.82637,-0.70995,-0.50533,0.79064,-0.38074,-0.28229,-1.4357,-0.18118,-1.3386,0.18627,0.58673,0.41921,-0.28811
2.0094,0.83152,-0.98411,1.4081,1.1637,1.8601,-1.7638,-0.82637,-0.70995,-0.50533,0.96733,-0.38074,-0.25401,-1.5848,-0.12896,-1.5337,0.69849,0.58673,0.41921,-0.28811
1.2308,0.83152,-0.053546,0.7898,0.56239,1.1749,-0.96032,-0.69017,-0.60354,-0.09707,1.1087,-0.32797,-0.11262,-1.6842,-0.14096,-1.5269,0.41537,0.58673,-0.19036,-1.891
1.2308,0.83152,-0.053546,0.7898,0.56239,1.1749,-0.96032,-0.69017,-0.60354,-0.23316,0.89665,-0.32797,-0.11262,-1.6842,-0.14096,-1.5269,0.41537,0.58673,-0.19036,-1.891
2.0094,0.83152,0.87701,1.7173,1.4643,1.1749,-1.7638,-0.82637,-0.70995,-0.23316,1.3207,-0.33325,-0.14292,-2.0818,-0.1329,-1.5801,0.50194,0.58673,0.41921,-0.28811
2.0094,0.83152,0.87701,1.7173,1.4643,1.1749,-1.7638,-0.82637,-0.70995,-0.36924,1.0557,-0.33325,-0.14292,-2.0818,-0.13203,-1.5803,0.50259,0.58673,0.41921,-0.28811
1.2308,0.83152,-0.053546,0.7898,0.56239,1.1749,-0.96032,-0.69017,-0.60354,0.58336,2.3809,-0.25408,0.09341,-1.3362,-0.14349,-1.6945,1.6572,0.58673,-0.19736,-1.891
2.0094,0.83152,-0.98411,1.4081,1.1637,1.8601,-1.7638,-0.82637,-0.70995,-0.50533,1.3207,-0.37283,-0.20553,-1.1374,-0.12471,-1.6938,2.4818,0.58673,0.41921,-0.28811
1.2308,0.83152,-0.053546,0.7898,0.56239,1.1749,-0.96032,-0.69017,-0.60354,0.71944,2.5929,-0.27519,0.044932,-1.7339,-0.14515,-1.7178,2.0907,0.58673,-0.19407,-1.891
2.0094,0.83152,0.87701,1.7173,1.4643,1.1749,-1.7638,-0.82637,-0.70995,0.58336,3.176,-0.29103,-0.0096044,-2.0321,-0.15082,-1.726,2.1037,0.58673,0.41921,-0.28811
2.0094,0.83152,0.87701,1.7173,1.4643,1.1749,-1.7638,-0.82637,-0.70995,0.58336,3.176,-0.28047,0.014634,-2.0321,-0.15035,-1.7259,2.103,0.58673,0.41921,-0.28811
2.0094,0.83152,-0.98411,1.7173,1.4643,1.1749,-1.7638,-0.82637,-0.70995,-0.50533,0.79064,-0.37283,-0.26411,-2.0818,-0.14261,-1.68,1.0799,0.58673,0.41921,-0.28811
2.0094,0.83152,-0.98411,1.7173,1.4643,1.1749,-1.7638,-0.82637,-0.70995,-0.50533,0.5256,-0.38074,-0.30047,-1.4854,-0.13742,-1.5258,0.50194,0.58673,0.41921,-0.28811
2.0094,0.83152,-0.98411,1.4081,1.1637,1.8601,-1.7638,-0.82637,-0.70995,-0.36924,1.3207,-0.35172,-0.18129,0.0058339,-0.13835,0.14039,-0.026125,0.58673,0.41921,-0.28811
2.0094,0.83152,-0.98411,1.4081,1.1637,1.8601,-1.7638,-0.82637,-0.70995,-0.36924,1.3207,-0.35172,-0.18129,0.0058339,-0.13835,0.14039,-0.026125,0.58673,0.41921,-0.28811
2.0094,0.83152,-0.98411,1.4081,1.1637,1.8601,-1.7638,-0.82637,-0.70995,-0.36924,1.3207,-0.35172,-0.18129,0.0058339,-0.13835,0.14039,-0.026125,0.58673,0.41921,-0.28811
2.0094,0.83152,-0.98411,1.4081,1.1637,1.8601,-1.7638,-0.82637,-0.70995,-0.50533,0.61394,-0.37283,-0.29441,-2.2807,-0.14625,-1.744,3.4026,0.58673,0.41921,-0.28811
2.0094,0.83152,-0.98411,1.4081,1.1637,1.8601,-1.7638,-0.82637,-0.70995,-0.50533,1.3207,-0.37283,-0.20553,-1.7836,-0.11186,-1.7039,2.3144,0.58673,0.41921,-0.28811
1.4431,0.41306,-0.64572,1.633,1.7103,-0.13313,-1.4716,-0.69017,-0.63256,-0.50533,-0.14719,-0.36227,-0.35831,-0.64035,-0.1862,-1.438,0.062312,0.58673,0.1223,-0.28811
1.6634,0.83152,-0.98411,1.8203,1.5645,0.032973,-1.4067,-0.69017,-0.66266,-0.50533,0.26056,-0.36227,-0.31326,-1.5848,-0.18776,-1.4661,0.072805,0.58673,0.14372,-0.28811
1.4903,0.44793,-0.36373,1.4081,1.4643,0.48975,-1.496,-0.69017,-0.63901,-0.50533,-0.11806,-0.36755,-0.36308,0.25437,-0.23054,-1.0057,-0.067129,2.0028,0.77761,1.3148
1.4431,0.41306,-0.30734,1.2957,1.3823,0.61432,-1.4716,-0.69017,-0.63256,-0.50533,-0.065632,-0.36755,-0.34949,-0.19299,-0.20181,-1.3929,0.041485,0.58673,0.32703,1.3148
1.4903,0.44793,-0.36373,1.4081,1.4643,0.48975,-1.496,-0.69017,-0.63901,-0.50533,-0.11806,-0.36755,-0.37116,-0.093579,-0.20974,-1.214,-0.035237,0.58673,0.86897,1.3148
1.4903,0.44793,-0.36373,1.4081,1.4643,0.48975,-1.496,-0.69017,-0.63901,-0.50533,-0.11806,-0.36755,-0.37116,-0.2427,-0.21082,-1.2154,-0.040444,0.58673,0.82358,1.3148
1.3865,0.37121,-0.61188,1.5318,1.6447,-0.058381,-1.4424,-0.69017,-0.62482,-0.50533,-0.18117,-0.36755,-0.36712,-1.038,-0.18318,-1.3623,0.02629,0.58673,0.54716,1.3148
-0.091144,0.72447,-0.20503,-0.37495,-0.57026,0.26667,0.4038,-0.28157,-0.24469,-0.23316,-0.13994,-0.25936,-0.17265,-0.093579,-0.13514,0.25095,-0.15234,0.58673,0.66518,0.35305
-0.091144,0.72447,-0.20503,-0.37495,-0.57026,0.26667,0.4038,-0.28157,-0.24469,-0.23316,-0.13994,-0.25936,-0.17265,-0.093579,-0.13514,0.25095,-0.15234,0.58673,0.66518,0.35305
-0.30143,0.68303,-0.50382,-0.70615,-0.89233,0.44554,0.6208,-0.28157,-0.29802,-0.23316,-0.33034,-0.2963,-0.23889,-0.44152,-0.16606,0.5554,-0.15241,0.58673,0.91651,0.35305
-0.29269,0.63138,-0.66043,-0.90388,-1.0846,0.9068,0.61179,-0.28157,-0.33981,-0.36924,-0.40511,-0.32005,-0.27649,-1.038,-0.14795,1.0246,-0.15384,0.58673,0.70941,0.35305
-0.64378,0.66103,-0.70838,-0.85907,-1.041,0.032973,0.91457,-0.28157,-0.23699,-0.23316,-0.2881,-0.2963,-0.1988,0.35378,-0.13116,0.35025,-0.15384,0.58673,0.34878,0.35305
-0.64378,0.66103,-0.70838,-0.85907,-1.041,0.032973,0.91457,-0.28157,-0.23699,-0.23316,-0.2881,-0.2963,-0.1988,0.35378,-0.13116,0.35025,-0.15384,0.58673,0.34878,0.35305
-0.64378,0.66103,-0.70838,-0.85907,-1.041,0.032973,0.91457,-0.28157,-0.22911,-0.23316,-0.2649,-0.2963,-0.19072,0.30407,-0.13337,0.41723,-0.15418,0.58673,0.42503,0.35305
-0.64034,0.69411,-0.65077,-0.78832,-0.97224,-0.14428,0.92256,-0.28157,-0.25887,-0.23316,-0.12355,-0.2963,-0.19058,0.60231,-0.13139,-0.30453,-0.151,0.58673,0.25163,-0.28811
-0.60137,0.69613,-0.60093,-0.73783,-0.92314,-0.15511,0.88305,-0.28157,-0.26551,-0.23316,-0.10553,-0.2963,-0.1889,0.60231,-0.13126,-0.31323,-0.15106,0.58673,0.27586,-0.28811
-0.66653,0.70185,-0.66955,-0.80391,-0.9874,-0.18576,0.95229,-0.28157,-0.2603,-0.23316,-0.058932,-0.2963,-0.18209,0.60231,-0.13906,-0.12659,-0.15279,0.58673,0.2401,-0.28811
0.25744,0.83152,-0.053546,-0.13769,-0.33954,1.1749,-0.1568,-0.41777,-0.3641,-0.50533,0.0046662,-0.33852,-0.2429,-0.54094,0.010711,0.32504,-0.14192,1.2948,2.1751,2.1163
-0.71843,0.10947,-0.88679,-0.87119,-0.91135,-0.12824,0.86205,-0.41777,-0.22308,-0.50533,-0.2275,-0.31214,-0.235,0.5526,-0.19411,-0.43274,-0.15592,-0.12131,0.19484,-0.28811
-0.7059,0.12335,-0.8648,-0.85114,-0.89457,-0.14271,0.85276,-0.41777,-0.22698,-0.50533,-0.2138,-0.31214,-0.23241,0.5526,-0.19411,-0.35456,-0.15635,-0.12131,0.17381,-0.28811
-0.5861,0.71196,-0.61886,-0.56463,-0.73389,-0.58397,0.8821,-0.28157,-0.32851,-0.23316,-0.60675,-0.11159,-0.3404,0.60231,-0.067499,-1.4112,-0.15822,-1.679,-1.1617,-0.28811
-0.58648,0.71204,-0.61913,-0.56499,-0.73426,-0.58418,0.88251,-0.28157,-0.32848,-0.23316,-0.60569,-0.11159,-0.33969,0.60231,-0.067349,-1.4115,-0.15822,-1.679,-1.1618,-0.28811
-0.59276,0.69381,-0.6315,-0.56841,-0.73783,-0.58777,0.88709,-0.28157,-0.32249,-0.23316,-0.5802,-0.11159,-0.32807,0.5526,-0.065812,-1.4198,-0.15822,-1.679,-1.1748,-0.28811
-0.59276,0.69381,-0.6315,-0.56841,-0.73783,-0.58777,0.88709,-0.28157,-0.32249,-0.23316,-0.57902,-0.11159,-0.3278,0.5526,-0.06683,-1.4198,-0.15822,-1.679,-1.1748,-0.28811
-0.59052,0.6944,-0.62772,-0.56526,-0.73485,-0.58902,0.88493,-0.28157,-0.32293,-0.23316,-0.57235,-0.11159,-0.32504,0.5526,-0.069371,-1.4214,-0.15822,-1.679,-1.1739,-0.28811
-0.59276,0.69381,-0.6315,-0.56841,-0.73783,-0.58777,0.88709,-0.28157,-0.32249,-0.23316,-0.58099,-0.11159,-0.32821,0.60231,-0.065574,-1.4162,-0.15822,-1.679,-1.1748,-0.28811
-0.59239,0.69372,-0.6339,-0.57069,-0.74004,-0.58756,0.88898,-0.28157,-0.32252,-0.23316,-0.58162,-0.11159,-0.32872,0.60231,-0.064835,-1.4159,-0.15822,-1.679,-1.1748,-0.28811
-0.59462,0.69372,-0.6339,-0.57069,-0.74004,-0.58756,0.88898,-0.28157,-0.32221,-0.23316,-0.57933,-0.11159,-0.32794,0.5526,-0.066348,-1.4195,-0.15822,-1.679,-1.1754,-0.28811
-0.58906,0.69401,-0.62671,-0.56383,-0.73341,-0.58819,0.88332,-0.28157,-0.32304,-0.23316,-0.57839,-0.11159,-0.32751,0.5526,-0.067784,-1.4203,-0.15822,-1.679,-1.1736,-0.28811
-0.59237,0.69431,-0.63011,-0.56753,-0.73706,-0.58881,0.88681,-0.28157,-0.32265,-0.23316,-0.57502,-0.11159,-0.32567,0.5526,-0.067808,-1.4211,-0.15822,-1.679,-1.1744,-0.28811
-0.59291,0.73771,-0.61567,-0.56296,-0.73208,-0.59933,0.8865,-0.41777,-0.33355,-0.36924,-0.63088,-0.11159,-0.34999,0.60231,-0.068037,-1.4079,-0.15822,-1.5374,-1.1507,-0.28811
-0.59786,0.73737,-0.62249,-0.56925,-0.73813,-0.5983,0.89148,-0.41777,-0.33341,-0.36924,-0.63357,-0.11159,-0.3517,0.60231,-0.066989,-1.4065,-0.15822,-1.5374,-1.151,-0.28811
-0.5891,0.71213,-0.62207,-0.56535,-0.73462,-0.59032,0.88523,-0.28157,-0.32784,-0.23316,-0.60075,-0.11159,-0.33744,0.60231,-0.066588,-1.4118,-0.15822,-1.679,-1.1632,-0.28811
-1.0375,-1.8703,-0.90319,-0.98453,-1.163,-0.5231,1.2406,0.12703,1.3073,-0.64141,-0.39801,-0.26728,0.32526,-0.39182,-0.0086734,0.79011,-0.15718,0.23271,-0.49734,0.11261
-1.0936,-1.8822,-0.97022,-1.0513,-1.2011,0.71473,0.79064,0.12703,1.034,-0.64141,-0.66221,-0.31741,-0.0081573,0.75143,1.3263,0.072052,-0.15876,-0.47533,-1.4675,-0.28811
-0.27464,0.21778,-0.23966,-0.32319,-0.51993,-0.33245,0.59316,-0.41777,-0.11402,-0.64141,-0.68179,-0.35172,-0.26694,-0.83918,-0.11843,1.5577,-0.15317,1.2948,1.5467,2.9177
-0.59368,0.73408,-0.62547,-0.54795,-0.7148,-0.63452,0.88485,-0.41777,-0.33493,-0.36924,-0.63214,-0.11159,-0.35352,0.65202,-0.06807,-1.403,-0.15822,-1.5374,-1.1476,-0.28811
-0.59026,0.73765,-0.62354,-0.54638,-0.71595,-0.63505,0.88609,-0.41777,-0.33451,-0.36924,-0.62522,-0.11159,-0.35147,0.65202,-0.071901,-1.4039,-0.15822,-1.5374,-1.1485,-0.28811
-0.53267,-1.0977,-0.43672,-0.71055,-0.87009,0.14717,0.71763,-0.14537,0.13512,-0.50533,-0.82047,-0.30422,-0.19923,0.5526,-0.057267,0.20936,-0.15759,-0.35732,-0.42628,-0.28811
-0.53267,-1.0977,-0.43672,-0.73783,-0.89661,0.20762,0.71763,-0.14537,0.13512,-0.50533,-0.82047,-0.30422,-0.19923,0.5526,-0.056367,0.20936,-0.15759,-0.35732,-0.42628,-0.28811
-0.53267,-1.0977,-0.43672,-0.73783,-0.89661,0.20762,0.71763,-0.14537,0.13512,-0.50533,-0.82047,-0.30422,-0.19923,0.5526,-0.056367,0.20936,-0.15759,-0.35732,-0.42628,-0.28811
-0.53267,-1.0977,-0.43672,-0.73783,-0.89661,0.20762,0.71763,-0.14537,0.13512,-0.50533,-0.81786,-0.30422,-0.19888,0.45319,-0.050563,0.22176,-0.15769,-0.35732,-0.42047,-0.28811
-0.53267,-1.0977,-0.43672,-0.73783,-0.89661,0.20762,0.71763,-0.14537,0.13512,-0.50533,-0.81786,-0.30422,-0.19888,0.45319,-0.051539,0.22176,-0.15769,-0.35732,-0.42047,-0.28811
-0.53267,-1.0977,-0.43672,-0.71055,-0.87009,0.14717,0.71763,-0.14537,0.13512,-0.50533,-0.82047,-0.30422,-0.19923,0.40349,-0.061863,0.28463,-0.15786,0.1147,-0.4684,0.2462
-0.53267,-1.0977,-0.43672,-0.73783,-0.89661,0.20762,0.71763,-0.14537,0.13512,-0.50533,-0.81786,-0.30422,-0.19888,0.5029,-0.053277,0.21141,-0.15763,-0.35732,-0.4234,-0.28811
-0.53267,-1.0977,-0.43672,-0.71055,-0.87009,0.14717,0.71763,-0.14537,0.13512,-0.50533,-0.82047,-0.30422,-0.19923,0.5029,-0.059842,0.29599,-0.15782,-0.35732,-0.46076,-0.28811
-0.71808,-1.7431,-0.60557,-0.83462,-0.99688,-0.13735,0.9418,-0.14537,0.25201,-0.64141,-1.1468,-0.30422,-0.21676,-0.2924,-0.065328,0.39557,-0.15899,-0.35732,-0.70724,-0.28811
-0.71808,-1.7431,-0.60557,-0.83462,-0.99688,-0.13735,0.9418,-0.14537,0.25201,-0.64141,-1.1468,-0.30422,-0.21676,-0.2427,-0.063184,0.44927,-0.15903,-0.35732,-0.66841,-0.28811
-0.71808,-1.7431,-0.60557,-0.81366,-0.97649,-0.1838,0.9418,-0.14537,0.25201,-0.64141,-1.1468,-0.30422,-0.21676,-0.2427,-0.061803,0.44927,-0.15903,-0.35732,-0.66841,-0.28811
-0.71808,-1.7431,-0.60557,-0.81366,-0.97649,-0.1838,0.9418,-0.14537,0.25201,-0.64141,-1.1468,-0.30422,-0.21676,-0.2427,-0.066539,0.43146,-0.15903,-0.35732,-0.70724,-0.28811
-0.13338,-1.4053,0.063072,-0.96081,-1.1307,1.5797,0.38985,0.26323,0.18602,-0.50533,-0.71226,-0.19076,-0.11965,0.75143,0.14023,-0.4453,-0.15862,-1.6161,-1.6177,-0.28811
-0.37846,0.37121,-0.11558,-0.44685,-0.64018,-0.33245,0.7003,-0.28157,0.013681,-0.64141,-0.69487,-0.33588,-0.212,0.15495,-0.12959,-0.089862,-0.1438,0.58673,-0.149,0.35305
-0.40191,0.38606,-0.1436,-0.58648,-0.77596,-0.084903,0.72449,-0.41777,-0.078319,-0.36924,-0.45537,-0.33325,-0.22638,-0.44152,-0.13067,-0.066762,-0.14686,1.2948,0.34217,1.3148
-0.4608,0.35534,-0.34234,-0.55346,-0.74385,-0.31354,0.78526,-0.28157,0.038633,-0.64141,-0.69357,-0.33588,-0.20581,-0.043873,-0.12557,-0.063539,-0.14439,0.58673,-0.033197,0.35305
-0.54903,0.33833,-0.31942,-0.66768,-0.85493,-0.29329,0.87631,-0.28157,0.065369,-0.50533,-0.66539,-0.33588,-0.19053,0.0058339,-0.11721,-0.11271,-0.14288,0.58673,-0.13126,0.35305
-0.18914,0.42536,0.11067,-0.19225,-0.3926,-0.39693,0.50493,-0.41777,-0.13405,-0.50533,-0.45504,-0.33325,-0.24736,-0.19299,-0.14743,0.18933,-0.14976,0.58673,0.14846,0.51334
-0.16138,0.41306,0.14384,-0.1658,-0.36687,-0.38228,0.47628,-0.28157,-0.052106,-0.64141,-0.67337,-0.33588,-0.23197,0.0058339,-0.14641,0.01908,-0.14715,0.58673,-0.12552,0.35305
-0.37846,0.37121,-0.23966,-0.57052,-0.76044,-0.058381,0.7003,-0.28157,0.013681,-0.64141,-0.69487,-0.33588,-0.2128,0.15495,-0.12152,-0.18703,-0.14232,0.58673,-0.13476,0.35305
-0.48228,0.37121,-0.23966,-0.69418,-0.8807,-0.058381,0.80743,-0.41777,-0.057265,-0.50533,-0.4648,-0.33325,-0.22169,-0.54094,-0.12086,-0.0082505,-0.14744,1.2948,0.38424,1.3148
-0.32655,0.39998,-0.053546,-0.60143,-0.7905,0.14717,0.64673,-0.41777,-0.098057,-0.50533,-0.47339,-0.33325,-0.23078,-0.39182,-0.13308,-0.028985,-0.14754,0.58673,0.34247,1.3148
-0.30143,0.38606,-0.023526,-0.58648,-0.77596,0.18032,0.6208,-0.28157,-0.009663,-0.50533,-0.6703,-0.33588,-0.20762,0.10525,-0.12568,-0.078942,-0.14468,0.58673,-0.043764,0.35305
-0.18914,0.42536,0.11067,-0.19225,-0.3926,-0.39693,0.50493,-0.41777,-0.13405,-0.50533,-0.49479,-0.33325,-0.25163,0.60231,-0.15682,0.22263,-0.14792,0.58673,-0.48242,0.51334
-0.16138,0.41306,0.14384,-0.1658,-0.36687,-0.38228,0.47628,-0.28157,-0.052106,-0.64141,-0.686,-0.33588,-0.23344,0.05554,-0.13434,-0.067615,-0.14596,0.58673,-0.17393,0.35305
0.0733,0.4583,0.42431,0.13805,-0.071402,-0.43615,0.23411,-0.28157,-0.12322,-0.64141,-0.70321,-0.33588,-0.261,0.25437,-0.14815,-0.08117,-0.14677,0.58673,-0.097177,0.35305
-0.37846,0.37121,-0.11558,-0.44685,-0.64018,-0.33245,0.7003,-0.28157,0.013681,-0.64141,-0.68179,-0.33588,-0.20877,-0.043873,-0.10703,-0.070063,-0.14484,0.58673,-0.015173,0.35305
-0.37846,0.37121,-0.11558,-0.44685,-0.64018,-0.33245,0.7003,-0.28157,0.013681,-0.64141,-0.68179,-0.33588,-0.20877,-0.043873,-0.12124,-0.13874,-0.14389,0.58673,-0.030099,0.35305
-0.16138,0.41306,0.14384,-0.1658,-0.36687,-0.38228,0.47628,-0.28157,-0.052106,-0.64141,-0.69861,-0.33588,-0.23638,-0.043873,-0.14086,0.0045565,-0.14715,0.58673,-0.12345,0.35305
-0.16138,0.41306,0.14384,-0.1658,-0.36687,-0.38228,0.47628,-0.28157,-0.052106,-0.64141,-0.69861,-0.33588,-0.23638,0.05554,-0.13506,-0.073958,-0.14588,0.58673,-0.15847,0.35305
-0.48228,0.37121,-0.23966,-0.57052,-0.76044,-0.33245,0.80743,-0.41777,-0.057265,-0.50533,-0.47875,-0.33325,-0.22331,-0.54094,-0.1311,0.032316,-0.14788,0.58673,0.058642,0.51334
-0.37846,0.37121,-0.11558,-0.44685,-0.64018,-0.33245,0.7003,-0.28157,0.013681,-0.64141,-0.69487,-0.33588,-0.212,-0.043873,-0.12745,0.055499,-0.1464,0.58673,-0.015173,0.35305
-0.32655,0.39998,-0.053546,-0.36956,-0.56502,-0.3667,0.64673,-0.41777,-0.098057,-0.50533,-0.48698,-0.33325,-0.23684,-0.14329,-0.14716,0.071342,-0.14778,0.58673,0.055993,0.51334
-0.40191,0.38606,-0.1436,-0.4668,-0.65958,-0.35013,0.72449,-0.41777,-0.078319,-0.50533,-0.46915,-0.33325,-0.22951,0.10525,-0.14474,0.18828,-0.14795,0.58673,-0.37505,0.51334
-0.40191,0.38606,-0.1436,-0.4668,-0.65958,-0.35013,0.72449,-0.41777,-0.078319,-0.50533,-0.46915,-0.33325,-0.22951,-0.39182,-0.14728,0.16979,-0.14913,0.58673,0.10424,0.51334
-0.18914,0.42536,0.11067,-0.19225,-0.3926,-0.39693,0.50493,-0.41777,-0.13405,-0.50533,-0.49479,-0.33325,-0.25163,0.60231,-0.15721,0.22263,-0.14792,0.58673,-0.48242,0.51334
-0.16138,0.41306,0.14384,-0.1658,-0.36687,-0.38228,0.47628,-0.28157,-0.052106,-0.64141,-0.686,-0.33588,-0.23344,0.05554,-0.15002,-0.0015059,-0.14675,0.58673,-0.18939,0.35305
0.0733,0.4583,0.42431,0.13805,-0.071402,-0.43615,0.23411,-0.28157,-0.12322,-0.64141,-0.70321,-0.33588,-0.261,0.25437,-0.16245,-0.006193,-0.14762,0.58673,-0.11298,0.35305
-0.30143,0.38606,-0.023526,-0.4668,-0.65958,-0.084903,0.6208,-0.28157,-0.009663,-0.64141,-0.68322,-0.33588,-0.21544,-0.093579,-0.11182,0.018557,-0.14661,0.58673,0.4824,0.99422
-0.22922,0.39998,0.062774,-0.4855,-0.67776,0.14717,0.54629,-0.28157,-0.031547,-0.64141,-0.68463,-0.33588,-0.22169,0.10525,-0.1274,-0.034332,-0.14575,0.58673,-0.031628,0.35305
-0.097535,0.42536,0.22015,-0.19225,-0.3926,-0.15511,0.4104,-0.28157,-0.071453,-0.64141,-0.6998,-0.33588,-0.24165,-0.14329,-0.15384,0.087076,-0.14869,0.58673,-0.068114,0.35305
-0.097535,0.42536,0.22015,-0.19225,-0.3926,-0.15511,0.4104,-0.28157,-0.071453,-0.64141,-0.6998,-0.33588,-0.24165,-0.14329,-0.15384,0.087076,-0.14869,0.58673,-0.068114,0.35305
-0.16138,0.41306,0.14384,-0.1658,-0.36687,-0.38228,0.47628,-0.28157,-0.052106,-0.64141,-0.69861,-0.33588,-0.23638,0.05554,-0.15098,-0.0015059,-0.14675,0.58673,-0.20485,0.35305
-0.37846,0.37121,-0.11558,-0.57052,-0.76044,-0.058381,0.7003,-0.28157,0.013681,-0.64141,-0.68179,-0.33588,-0.20715,-0.19299,-0.10473,-0.068132,-0.14658,0.58673,0.020735,0.35305
-0.37846,0.37121,-0.11558,-0.57052,-0.76044,-0.058381,0.7003,-0.28157,0.013681,-0.64141,-0.68179,-0.33588,-0.20715,0.15495,-0.11639,-0.1924,-0.14224,0.58673,-0.13476,0.35305
-0.30143,0.38606,-0.023526,-0.4668,-0.65958,-0.084903,0.6208,-0.28157,-0.009663,-0.64141,-0.69616,-0.33588,-0.21857,0.0058339,-0.12807,0.085376,-0.14703,0.58673,-0.0052509,0.35305
-0.37846,0.37121,-0.11558,-0.44685,-0.64018,-0.33245,0.7003,-0.28157,0.013681,-0.64141,-0.69487,-0.33588,-0.212,-0.093579,-0.10413,-0.11614,-0.14441,0.58673,-0.085438,0.35305
-0.097535,0.42536,0.22015,-0.19225,-0.3926,-0.15511,0.4104,-0.28157,-0.071453,-0.64141,-0.6998,-0.33588,-0.24165,-0.14329,-0.15147,0.055873,-0.14838,0.58673,-0.068114,0.35305
-0.097535,0.42536,0.22015,-0.19225,-0.3926,-0.15511,0.4104,-0.28157,-0.071453,-0.64141,-0.6998,-0.33588,-0.24165,-0.14329,-0.15147,0.055873,-0.14838,0.58673,-0.068114,0.35305
-0.30143,0.38606,-0.023526,-0.4668,-0.65958,-0.084903,0.6208,-0.28157,-0.009663,-0.64141,-0.68322,-0.33588,-0.217,-0.093579,-0.11143,0.018557,-0.14661,0.58673,0.4824,0.99422
-0.30143,0.38606,-0.023526,-0.4668,-0.65958,-0.084903,0.6208,-0.28157,-0.009663,-0.64141,-0.68322,-0.33588,-0.217,0.10525,-0.1213,-0.072709,-0.14476,0.58673,-0.043764,0.35305
-0.48228,0.37121,-0.23966,-0.57052,-0.76044,-0.33245,0.80743,-0.41777,-0.057265,-0.50533,-0.47875,-0.33325,-0.22331,-0.39182,-0.13258,0.016835,-0.14718,0.58673,-0.024422,0.51334
-0.4608,0.35534,-0.21399,-0.55346,-0.74385,-0.31354,0.78526,-0.28157,0.038633,-0.64141,-0.68032,-0.33588,-0.19996,0.20466,-0.11093,-0.1794,-0.1416,0.58673,-0.15622,0.35305
-0.18914,0.42536,0.11067,-0.30137,-0.49871,-0.15511,0.50493,-0.41777,-0.13405,-0.50533,-0.49479,-0.33325,-0.25306,0.35378,-0.14111,0.18562,-0.14823,0.58673,-0.27005,0.51334
-0.16138,0.41306,0.14384,-0.27822,-0.4762,-0.13313,0.47628,-0.28157,-0.052106,-0.64141,-0.69861,-0.33588,-0.23344,0.0058339,-0.12378,-0.10659,-0.14565,0.58673,-0.17246,0.35305
-0.37846,0.37121,-0.11558,-0.44685,-0.64018,-0.33245,0.7003,-0.28157,0.013681,-0.64141,-0.69487,-0.33588,-0.212,0.15495,-0.12202,0.047874,-0.14597,0.58673,0.076673,0.35305
-0.48228,0.37121,-0.23966,-0.57052,-0.76044,-0.33245,0.80743,-0.41777,-0.057265,-0.50533,-0.4648,-0.33325,-0.21684,-0.34211,-0.12886,0.017144,-0.14701,0.58673,0.24658,0.51334
-0.4608,0.35534,-0.21399,-0.55346,-0.74385,-0.31354,0.78526,-0.28157,0.038633,-0.50533,-0.66706,-0.33588,-0.19829,-0.2924,-0.12194,-0.012613,-0.146,0.58673,0.18333,0.35305
-0.48228,0.37121,-0.23966,-0.57052,-0.76044,-0.33245,0.80743,-0.41777,-0.057265,-0.50533,-0.4648,-0.33325,-0.21684,-0.34211,-0.12886,0.017144,-0.14701,0.58673,0.24658,0.51334
-0.4608,0.35534,-0.21399,-0.55346,-0.74385,-0.31354,0.78526,-0.28157,0.038633,-0.50533,-0.66706,-0.33588,-0.19829,-0.2924,-0.12194,-0.012613,-0.146,0.58673,0.18333,0.35305
-0.48228,0.37121,-0.23966,-0.69418,-0.8807,-0.058381,0.80743,-0.41777,-0.057265,-0.50533,-0.4648,-0.33325,-0.21846,-0.49123,-0.13342,0.065775,-0.14805,0.58673,0.26813,0.51334
-0.25576,0.41306,0.031049,-0.50307,-0.69485,0.11602,0.57368,-0.41777,-0.1166,-0.36924,-0.46409,-0.33325,-0.23491,-0.39182,-0.15163,0.14253,-0.14959,1.2948,0.31001,1.3148
-0.22922,0.39998,0.062774,-0.4855,-0.67776,0.14717,0.54629,-0.28157,-0.031547,-0.36924,-0.65908,-0.33588,-0.21563,0.0058339,-0.13739,-0.055864,-0.14583,0.58673,-0.13161,0.35305
-0.18914,0.42536,0.11067,-0.41048,-0.60481,0.086712,0.50493,-0.41777,-0.13405,-0.36924,-0.46829,-0.32797,-0.23595,-0.34211,-0.17331,0.46008,-0.15214,0.58673,0.12053,0.51334
-0.16138,0.41306,0.14384,-0.39064,-0.58552,0.11602,0.47628,-0.28157,-0.052106,-0.36924,-0.66076,-0.33325,-0.21729,-0.2427,-0.15349,0.11304,-0.14888,0.58673,-0.048089,0.35305
-0.12632,0.43697,0.18574,-0.32319,-0.51993,0.059078,0.44011,-0.41777,-0.1505,-0.50533,-0.47238,-0.33325,-0.24939,0.0058339,-0.15963,0.30738,-0.15052,0.58673,0.24025,0.51334
-0.097535,0.42536,0.22015,-0.30137,-0.49871,0.086712,0.4104,-0.28157,-0.071453,-0.50533,-0.66239,-0.33588,-0.2331,-0.19299,-0.15369,0.08767,-0.14884,0.58673,-0.049116,0.35305
-0.12632,0.43697,0.18574,-0.32319,-0.51993,0.059078,0.44011,-0.41777,-0.1505,-0.50533,-0.47238,-0.33325,-0.24939,0.0058339,-0.16559,0.26987,-0.15022,0.58673,0.08538,0.51334
-0.097535,0.42536,0.22015,-0.30137,-0.49871,0.086712,0.4104,-0.28157,-0.071453,-0.50533,-0.66239,-0.33588,-0.2331,-0.19299,-0.15423,0.08767,-0.14884,0.58673,-0.049116,0.35305
-0.12632,0.43697,0.18574,-0.42919,-0.623,0.29399,0.44011,-0.41777,-0.1505,-0.23316,-0.45929,-0.32269,-0.24108,-0.34211,-0.17566,0.4843,-0.15253,0.58673,0.13388,0.51334
-0.097535,0.42536,0.22015,-0.41048,-0.60481,0.32854,0.4104,-0.28157,-0.071453,-0.36924,-0.66239,-0.32797,-0.22169,-0.19299,-0.15386,0.12874,-0.14923,0.58673,-0.015664,0.35305
-0.18914,0.42536,0.11067,-0.41048,-0.60481,0.086712,0.50493,-0.41777,-0.13405,-0.36924,-0.46829,-0.30686,-0.23025,-0.2427,-0.17012,0.29632,-0.15076,0.58673,0.13339,0.51334
-0.16138,0.41306,0.14384,-0.39064,-0.58552,0.11602,0.47628,-0.28157,-0.052106,-0.36924,-0.66076,-0.31214,-0.21141,-0.2427,-0.15395,0.11304,-0.14888,0.58673,-0.048089,0.35305
-0.18914,0.42536,0.11067,-0.41048,-0.60481,0.086712,0.50493,-0.41777,-0.13405,-0.23316,-0.45504,-0.2963,-0.2274,-0.2427,-0.17406,0.34779,-0.15114,0.58673,0.13339,0.51334
-0.16138,0.41306,0.14384,-0.39064,-0.58552,0.11602,0.47628,-0.28157,-0.052106,-0.23316,-0.64813,-0.30158,-0.20847,-0.2427,-0.15456,0.11304,-0.14888,0.58673,-0.048089,0.35305
-0.32655,0.39998,-0.053546,-0.60143,-0.7905,0.14717,0.64673,-0.41777,-0.098057,-0.36924,-0.4598,-0.33325,-0.22472,-0.39182,-0.13231,-0.051034,-0.14729,1.2948,0.37858,1.3148
-0.30143,0.38606,-0.023526,-0.58648,-0.77596,0.18032,0.6208,-0.28157,-0.009663,-0.36924,-0.65736,-0.33588,-0.20449,-0.093579,-0.12496,-0.030982,-0.14602,0.58673,0.22021,0.35305
-0.25576,0.41306,0.031049,-0.27822,-0.4762,-0.38228,0.57368,-0.41777,-0.1166,-0.50533,-0.50435,-0.33325,-0.2496,0.05554,-0.16021,0.44815,-0.1518,0.58673,-0.24015,0.51334
-0.66026,0.33833,-0.45236,-0.80018,-0.98377,-0.29329,0.99109,-0.41777,-0.010642,-0.50533,-0.4844,-0.33325,-0.20611,-0.2924,-0.050964,0.064466,-0.14641,1.2948,0.91995,2.1163
-0.48228,0.37121,-0.23966,-0.57052,-0.76044,-0.33245,0.80743,-0.41777,-0.057265,-0.50533,-0.47875,-0.33325,-0.22169,-0.39182,-0.1208,0.41905,-0.15083,1.2948,0.49682,1.3148
-0.4608,0.35534,-0.21399,-0.55346,-0.74385,-0.31354,0.78526,-0.28157,0.038633,-0.64141,-0.68032,-0.33588,-0.20163,-0.093579,-0.1204,0.35501,-0.14914,0.58673,0.53445,0.35305
-0.12632,0.43697,0.18574,-0.11119,-0.31377,-0.41075,0.44011,-0.41777,-0.1505,-0.50533,-0.48546,-0.33325,-0.2577,-0.19299,-0.15249,0.31265,-0.15104,0.58673,0.19981,0.51334
-0.097535,0.42536,0.22015,-0.083133,-0.28649,-0.39693,0.4104,-0.28157,-0.071453,-0.64141,-0.6998,-0.33588,-0.24451,-0.14329,-0.15647,0.17859,-0.14953,0.58673,-0.10115,0.35305
0.042287,0.46812,0.38725,0.10638,-0.10219,-0.44784,0.26611,-0.41777,-0.19467,-0.50533,-0.49669,-0.33325,-0.27655,0.20466,-0.16119,0.4691,-0.152,0.58673,0.15221,0.51334
0.0733,0.4583,0.42431,0.13805,-0.071402,-0.43615,0.23411,-0.28157,-0.12322,-0.64141,-0.70321,-0.33588,-0.26493,0.35378,-0.16019,0.088908,-0.14832,0.58673,-0.082067,0.35305
-0.37846,0.37121,-0.11558,-0.44685,-0.64018,-0.33245,0.7003,-0.28157,0.013681,-0.64141,-0.68179,-0.33588,-0.212,-0.39182,-0.12887,0.26649,-0.14961,0.58673,0.17142,0.35305
-0.37846,0.37121,-0.11558,-0.44685,-0.64018,-0.33245,0.7003,-0.28157,0.013681,-0.64141,-0.68179,-0.33588,-0.212,-0.14329,-0.13486,0.41285,-0.15014,0.58673,0.22496,0.35305
-0.4608,0.35534,-0.21399,-0.55346,-0.74385,-0.31354,0.78526,-0.28157,0.038633,-0.64141,-0.68032,-0.33588,-0.2033,-0.54094,-0.1305,0.366,-0.15049,0.58673,0.34646,0.35305
-0.32655,0.39998,-0.053546,-0.36956,-0.56502,-0.3667,0.64673,-0.41777,-0.098057,-0.50533,-0.48698,-0.33325,-0.23684,0.0058339,-0.12793,0.36069,-0.15014,0.58673,0.2487,0.51334
-0.40191,0.38606,-0.1436,-0.4668,-0.65958,-0.35013,0.72449,-0.41777,-0.078319,-0.50533,-0.46915,-0.33325,-0.22951,-0.14329,-0.12633,0.5399,-0.1514,0.58673,0.49913,0.51334
-0.37846,0.37121,-0.11558,-0.44685,-0.64018,-0.33245,0.7003,-0.28157,0.013681,-0.50533,-0.6687,-0.33588,-0.21038,-0.39182,-0.12941,0.27668,-0.1497,0.58673,0.20402,0.35305
-0.25576,0.41306,0.031049,-0.27822,-0.4762,-0.38228,0.57368,-0.41777,-0.1166,-0.50533,-0.47751,-0.33325,-0.2452,-0.043873,-0.15202,0.51299,-0.15156,0.58673,0.28963,0.51334
-0.22922,0.39998,0.062774,-0.25363,-0.45228,-0.3667,0.54629,-0.28157,-0.031547,-0.64141,-0.68463,-0.33588,-0.22927,-0.093579,-0.14252,0.25737,-0.14941,0.58673,0.078105,0.35305
-0.32655,0.39998,-0.053546,-0.36956,-0.56502,-0.3667,0.64673,-0.41777,-0.098057,-0.50533,-0.48698,-0.33325,-0.23836,-0.19299,-0.14058,0.61574,-0.15291,1.2948,0.41226,1.3148
-0.30143,0.38606,-0.023526,-0.34713,-0.5432,-0.35013,0.6208,-0.28157,-0.009663,-0.64141,-0.68322,-0.33588,-0.22013,-0.2427,-0.13682,0.24544,-0.15022,0.58673,0.19232,0.35305
-0.30143,0.38606,-0.023526,-0.34713,-0.5432,-0.35013,0.6208,-0.28157,-0.009663,-0.64141,-0.68322,-0.33588,-0.22013,-0.2427,-0.13682,0.24544,-0.15022,0.58673,0.19232,0.35305
-0.18914,0.42536,0.11067,-0.19225,-0.3926,-0.39693,0.50493,-0.41777,-0.13405,-0.50533,-0.49479,-0.33325,-0.25306,-0.19299,-0.15123,0.54787,-0.15237,0.58673,0.21954,0.51334
-0.16138,0.41306,0.14384,-0.1658,-0.36687,-0.38228,0.47628,-0.28157,-0.052106,-0.64141,-0.69861,-0.33588,-0.23785,-0.19299,-0.15795,0.34628,-0.15109,0.58673,0.026662,0.35305
-0.18914,0.42536,0.11067,-0.19225,-0.3926,-0.39693,0.50493,-0.41777,-0.13405,-0.50533,-0.49479,-0.33325,-0.25306,-0.043873,-0.13573,0.5014,-0.15175,0.58673,0.1915,0.51334
-0.16138,0.41306,0.14384,-0.1658,-0.36687,-0.38228,0.47628,-0.28157,-0.052106,-0.64141,-0.69861,-0.33588,-0.23785,-0.093579,-0.14566,0.33475,-0.15038,0.58673,0.087023,0.35305
-0.010879,0.4583,0.32371,0.037778,-0.16891,-0.43615,0.32098,-0.41777,-0.18075,-0.50533,-0.49303,-0.33325,-0.27017,0.20466,-0.15111,0.40741,-0.15135,0.58673,0.20899,0.51334
0.019519,0.44793,0.36004,0.068418,-0.13911,-0.4238,0.28961,-0.28157,-0.10692,-0.64141,-0.7021,-0.33588,-0.25805,0.10525,-0.16937,0.19475,-0.14964,0.58673,-0.093166,0.35305
-0.010879,0.4583,0.32371,0.037778,-0.16891,-0.43615,0.32098,-0.41777,-0.18075,-0.50533,-0.49303,-0.33325,-0.27017,0.15495,-0.1472,0.32464,-0.15086,0.58673,0.1936,0.51334
0.019519,0.44793,0.36004,0.068418,-0.13911,-0.4238,0.28961,-0.28157,-0.10692,-0.64141,-0.7021,-0.33588,-0.25805,0.25437,-0.16164,0.17322,-0.14906,0.58673,-0.017571,0.35305
0.042287,0.46812,0.38725,0.0087549,-0.19713,-0.23147,0.26611,-0.41777,-0.19467,-0.50533,-0.49669,-0.33325,-0.27527,0.20466,-0.1524,0.33955,-0.15111,0.58673,0.221,0.51334
0.0733,0.4583,0.42431,0.037778,-0.16891,-0.21393,0.23411,-0.28157,-0.12322,-0.64141,-0.70321,-0.33588,-0.26231,0.10525,-0.16078,0.36721,-0.15128,0.58673,0.24682,0.35305
0.042287,0.46812,0.38725,0.0087549,-0.19713,-0.23147,0.26611,-0.41777,-0.19467,-0.50533,-0.49669,-0.33325,-0.27527,0.20466,-0.14636,0.24956,-0.15043,0.58673,0.23819,0.51334
0.0733,0.4583,0.42431,0.037778,-0.16891,-0.21393,0.23411,-0.28157,-0.12322,-0.64141,-0.70321,-0.33588,-0.26231,0.10525,-0.15579,0.27288,-0.15057,0.58673,0.24682,0.35305
-0.12632,0.43697,0.18574,-0.21719,-0.41685,-0.17584,0.44011,-0.41777,-0.1505,-0.50533,-0.48546,-0.33325,-0.2577,0.0058339,-0.14852,0.55262,-0.15223,0.58673,0.3607,0.51334
-0.097535,0.42536,0.22015,-0.19225,-0.3926,-0.15511,0.4104,-0.28157,-0.071453,-0.64141,-0.68733,-0.33588,-0.24165,0.05554,-0.14732,0.32277,-0.15022,0.58673,0.065015,0.35305
-0.12632,0.43697,0.18574,-0.21719,-0.41685,-0.17584,0.44011,-0.41777,-0.1505,-0.50533,-0.48546,-0.33325,-0.2577,-0.093579,-0.1488,0.76999,-0.15364,0.58673,0.37036,0.51334
-0.097535,0.42536,0.22015,-0.19225,-0.3926,-0.15511,0.4104,-0.28157,-0.071453,-0.64141,-0.68733,-0.33588,-0.24165,0.0058339,-0.15403,0.37091,-0.15083,0.58673,-0.056372,0.35305
-0.40191,0.38606,-0.1436,-0.4668,-0.65958,-0.35013,0.72449,-0.41777,-0.078319,-0.50533,-0.48292,-0.33325,-0.23107,0.05554,-0.11303,0.53218,-0.15123,0.58673,0.37524,0.51334
-0.37846,0.37121,-0.11558,-0.44685,-0.64018,-0.33245,0.7003,-0.28157,0.013681,-0.64141,-0.69487,-0.33588,-0.21361,-0.043873,-0.13474,0.30142,-0.14892,0.58673,0.31323,0.35305
0.14064,0.48629,0.50479,0.2333,0.02123,-0.46948,0.16461,-0.41777,-0.22044,-0.50533,-0.50373,-0.33325,-0.28592,0.25437,-0.16175,0.51639,-0.15263,0.58673,0.25575,0.51334
0.17259,0.47743,0.54297,0.2666,0.053605,-0.45894,0.13165,-0.28157,-0.15331,-0.64141,-0.70535,-0.33588,-0.27514,0.45319,-0.17542,0.42201,-0.15162,0.58673,0.068762,0.35305
-0.22922,0.39998,0.062774,-0.36956,-0.56502,-0.10977,0.54629,-0.28157,-0.031547,-0.64141,-0.68463,-0.33588,-0.22624,-0.19299,-0.14313,0.37845,-0.15128,0.58673,0.10054,0.35305
-0.22922,0.39998,0.062774,-0.36956,-0.56502,-0.10977,0.54629,-0.28157,-0.031547,-0.64141,-0.68463,-0.33588,-0.22624,0.20466,-0.14383,0.4691,-0.15038,0.58673,0.19571,0.35305
-0.16138,0.41306,0.14384,-0.39064,-0.58552,0.11602,0.47628,-0.28157,-0.052106,-0.64141,-0.67337,-0.33588,-0.23051,-0.14329,-0.14579,0.39646,-0.15109,0.58673,0.17877,0.35305
-0.16138,0.41306,0.14384,-0.39064,-0.58552,0.11602,0.47628,-0.28157,-0.052106,-0.64141,-0.67337,-0.33588,-0.23051,-0.14329,-0.14896,0.54346,-0.15219,0.58673,0.16817,0.35305
-0.37846,0.37121,-0.11558,-0.57052,-0.76044,-0.058381,0.7003,-0.28157,0.013681,-0.64141,-0.68179,-0.33588,-0.21038,-0.44152,-0.13899,0.42515,-0.151,0.58673,0.32836,0.35305
-0.37846,0.37121,-0.11558,-0.57052,-0.76044,-0.058381,0.7003,-0.28157,0.013681,-0.64141,-0.68179,-0.33588,-0.21038,-0.2427,-0.11889,0.23774,-0.14892,0.58673,0.16358,0.35305
-0.37846,0.37121,-0.11558,-0.57052,-0.76044,-0.058381,0.7003,-0.28157,0.013681,-0.64141,-0.68179,-0.33588,-0.21038,0.0058339,-0.12096,0.24261,-0.14823,0.58673,0.30416,0.35305
-0.37846,0.37121,-0.11558,-0.57052,-0.76044,-0.058381,0.7003,-0.28157,0.013681,-0.64141,-0.68179,-0.33588,-0.21038,-0.44152,-0.14523,0.48643,-0.15144,0.58673,0.22924,0.35305
-0.5682,0.35534,-0.34234,-0.68139,-0.86826,-0.31354,0.89609,-0.28157,0.05331,-0.64141,-0.69487,-0.33588,-0.19829,-0.59064,-0.14237,0.33446,-0.15067,0.58673,0.13661,0.35305
-0.37846,0.37121,-0.11558,-0.57052,-0.76044,-0.058381,0.7003,-0.28157,0.013681,-0.64141,-0.68179,-0.33588,-0.21038,-0.19299,-0.13994,0.41299,-0.1504,0.58673,0.27336,0.35305
-0.37846,0.37121,-0.11558,-0.57052,-0.76044,-0.058381,0.7003,-0.28157,0.013681,-0.64141,-0.6687,-0.33588,-0.20715,-0.39182,-0.12155,0.1531,-0.14875,0.58673,0.32836,0.35305
-0.37846,0.37121,-0.11558,-0.57052,-0.76044,-0.058381,0.7003,-0.28157,0.013681,-0.64141,-0.68179,-0.33588,-0.21038,-0.39182,-0.13913,0.39589,-0.15066,0.58673,0.22033,0.35305
-0.37846,0.37121,-0.11558,-0.57052,-0.76044,-0.058381,0.7003,-0.28157,0.013681,-0.64141,-0.6687,-0.33588,-0.20715,-0.39182,-0.13116,0.25961,-0.1497,0.58673,0.31183,0.35305
0.41897,0.5377,0.83742,0.43459,0.21697,-0.18084,-0.1226,-0.41777,-0.29335,-0.50533,-0.4576,-0.33325,-0.30627,0.35378,-0.18277,0.63708,-0.15427,0.58673,0.17651,0.51334
0.45211,0.53132,0.87701,0.46719,0.24867,-0.16562,-0.1568,-0.28157,-0.23802,-0.64141,-0.67936,-0.33588,-0.29862,0.30407,-0.17763,0.17947,-0.15152,0.58673,0.35254,0.35305
0.41897,0.5377,0.83742,0.43459,0.21697,-0.18084,-0.1226,-0.41777,-0.29335,-0.50533,-0.4576,-0.33325,-0.30627,0.35378,-0.18262,0.62534,-0.15421,0.58673,0.13936,0.51334
0.45211,0.53132,0.87701,0.46719,0.24867,-0.16562,-0.1568,-0.28157,-0.23802,-0.64141,-0.67936,-0.33588,-0.29862,0.30407,-0.1787,0.21141,-0.15175,0.58673,0.35254,0.35305
0.22963,0.50272,0.61114,0.34813,0.1329,-0.48905,0.072783,-0.41777,-0.24375,-0.50533,-0.47431,-0.33325,-0.28864,0.40349,-0.17706,0.60556,-0.15326,0.58673,0.041555,0.51334
0.26219,0.49471,0.65005,0.38261,0.16642,-0.4795,0.039186,-0.28157,-0.18047,-0.64141,-0.70739,-0.33588,-0.28199,0.35378,-0.15824,0.081861,-0.14946,0.58673,0.12113,0.35305
0.22963,0.50272,0.61114,0.34813,0.1329,-0.48905,0.072783,-0.41777,-0.24375,-0.50533,-0.43817,-0.33325,-0.28517,0.35378,-0.17538,0.54623,-0.15301,0.58673,0.1268,0.51334
0.26219,0.49471,0.65005,0.38261,0.16642,-0.4795,0.039186,-0.28157,-0.18047,-0.64141,-0.67282,-0.33588,-0.27845,0.45319,-0.1648,0.11677,-0.14965,0.58673,0.13663,0.35305
-0.066999,0.44793,0.25664,-0.13769,-0.33954,-0.19541,0.37889,-0.41777,-0.16604,-0.50533,-0.46344,-0.33325,-0.2594,0.0058339,-0.15597,0.52905,-0.15232,0.58673,0.13364,0.51334
-0.037335,0.43697,0.29209,-0.11119,-0.31377,-0.17584,0.34828,-0.28157,-0.089697,-0.64141,-0.67631,-0.33588,-0.24524,-0.093579,-0.14969,0.27947,-0.15067,0.58673,-0.068689,0.35305
0.22963,0.50272,0.61114,0.34813,0.1329,-0.48905,0.072783,-0.41777,-0.24375,-0.50533,-0.47431,-0.33325,-0.28864,0.40349,-0.16972,0.46635,-0.15245,0.58673,0.041555,0.51334
0.26219,0.49471,0.65005,0.38261,0.16642,-0.4795,0.039186,-0.28157,-0.18047,-0.64141,-0.70739,-0.33588,-0.28199,0.35378,-0.15882,0.09601,-0.14959,0.58673,0.12113,0.35305
-0.11419,-0.42386,-0.30734,-0.55927,-0.74951,0.98805,0.28149,0.12703,0.16073,-0.64141,-0.79958,-0.28047,-0.086176,-0.19299,-0.10259,-0.40914,-0.13247,0.58673,-0.52318,0.91407
-0.11419,-0.42386,-0.30734,-0.55927,-0.74951,0.61432,0.42758,0.12703,0.16073,-0.64141,-0.79958,-0.28047,-0.086176,-0.19299,-0.098355,-0.51745,-0.12928,0.58673,-0.50946,0.91407
0.3844,-0.16915,0.31059,-0.25867,-0.45718,1.2643,-0.086925,0.12703,-0.0066791,-0.64141,-0.78221,-0.28047,-0.14265,0.15495,-0.13997,0.12134,-0.14219,1.2948,-0.22941,1.3148
0.19256,-0.31925,0.10155,-0.13769,-0.33954,0.48975,0.11104,0.12703,0.070435,-0.64141,-0.78399,-0.28047,-0.11666,0.60231,-0.12439,-0.14272,-0.13634,0.58673,-0.24491,0.91407
-0.07966,-0.29118,-0.53018,-0.20556,-0.36154,-0.078434,0.35276,0.12703,0.032367,-0.50533,-0.81843,-0.27256,-0.1475,0.20466,-0.068042,-0.71541,-0.14943,0.58673,0.37703,0.91407
0.31053,-0.21463,0.20024,-0.22201,-0.42153,0.98805,-0.0107,0.12703,0.025289,-0.64141,-0.76425,-0.28047,-0.12363,0.05554,-0.13466,0.10005,-0.14146,1.2948,-0.2131,1.3148
-0.26665,-0.40777,-0.26829,-0.49442,-0.68644,0.38434,0.4613,0.12703,0.17412,-0.64141,-0.78633,-0.28047,-0.074397,0.10525,-0.12646,0.040651,-0.14381,0.58673,-0.45392,0.91407
-0.26531,-0.2546,-0.64952,-0.35654,-0.51182,-0.14152,0.5113,0.12703,0.060074,-0.50533,-0.82079,-0.27256,-0.13944,0.20466,-0.062626,-0.54808,-0.15204,0.58673,0.41128,0.91407
-0.027066,-0.23073,0.018036,-0.35173,-0.54768,0.70057,0.21406,0.12703,0.026778,-0.64141,-0.78466,-0.28047,-0.13686,0.40349,-0.13694,0.36058,-0.14632,0.58673,-0.18305,1.3148
0.076203,-0.27956,0.042719,-0.2976,-0.49504,0.537,0.23111,0.12703,0.023956,-0.64141,-0.79958,-0.28047,-0.14814,0.15495,-0.083235,-0.29745,-0.13972,0.58673,0.32041,0.91407
-0.17373,-0.24396,-0.56666,-0.30239,-0.46598,-0.11217,0.45899,0.12703,0.002145,-0.50533,-0.84036,-0.27256,-0.17593,0.45319,-0.063435,-0.56908,-0.15307,-0.47533,0.13955,-0.28811
0.3844,-0.16915,0.31059,0.063937,-0.14347,0.54933,-0.086925,0.12703,-0.0066791,-0.64141,-0.76482,-0.28047,-0.13001,0.75143,-0.12958,-0.041897,-0.13664,1.2948,-0.82381,1.3148
0.3844,-0.16915,0.31059,-0.097364,-0.30033,0.9068,-0.086925,0.12703,-0.0066791,-0.64141,-0.79958,-0.28047,-0.14687,0.75143,-0.13303,-0.10172,-0.13539,0.58673,-0.77285,0.91407
0.22963,-0.26445,0.07939,-0.35852,-0.55429,1.077,0.072783,0.12703,0.0603,-0.64141,-0.78161,-0.28047,-0.11435,0.05554,-0.13615,-0.041765,-0.13807,1.2948,-0.48863,1.3148
0.062779,0.14106,-0.42577,-0.13769,-0.33954,0.14717,0.24497,0.12703,-0.092736,-0.64141,-0.8104,-0.28047,-0.19261,-1.3362,-0.13512,-0.26041,-0.1512,0.58673,-0.073302,0.91407
0.012863,0.12335,-0.5069,-0.20904,-0.40892,0.17352,0.29647,0.12703,-0.07691,-0.64141,-0.81051,-0.28047,-0.18813,-1.038,-0.13107,-0.32925,-0.14922,0.58673,-0.019103,0.91407
0.14994,-0.13032,-0.37299,-0.068475,-0.21839,0.22386,0.10705,0.12703,-0.12546,-0.50533,-0.85292,-0.27256,-0.22278,0.20466,-0.096003,-0.66905,-0.14777,0.58673,0.042488,0.91407
0.18514,-0.15485,-0.29283,0.047806,-0.10762,0.059078,0.072783,0.12703,-0.12618,-0.50533,-0.85067,-0.27256,-0.21892,0.40349,-0.083586,-0.79796,-0.14565,0.58673,-0.13644,0.91407
0.11356,-0.16915,-0.39071,-0.0436,-0.19576,0.072693,0.14598,0.12703,-0.080707,-0.50533,-0.84918,-0.27256,-0.20202,-0.14329,-0.088959,-0.74397,-0.14815,0.58673,0.033226,0.91407
0.1493,-0.12745,-0.31203,0.016891,-0.13911,0.032973,0.11104,0.12703,-0.083278,-0.50533,-0.84723,-0.27256,-0.20015,0.40349,-0.071326,-0.90774,-0.14386,0.58673,-0.09813,0.91407
0.051656,-0.15485,-0.45236,-0.11119,-0.26223,0.059078,0.21053,0.12703,-0.028886,-0.50533,-0.85201,-0.27256,-0.18291,0.30407,-0.065932,-0.76162,-0.14661,0.58673,0.13527,0.91407
-0.10219,-0.18272,-0.54248,-0.24773,-0.3854,-0.044445,0.36073,0.12703,-0.060633,-0.50533,-0.87073,-0.27519,-0.19992,-0.78947,-0.10403,-0.36925,-0.1523,0.58673,0.1447,0.91407
0.011359,-0.12383,-0.56272,-0.015193,-0.15235,-0.26005,0.23739,0.12703,-0.099564,-0.50533,-0.85711,-0.28047,-0.2162,-0.78947,-0.13199,0.059366,-0.15425,0.58673,0.072669,0.91407
0.31053,-0.21463,0.20024,-0.22201,-0.42153,0.98805,-0.0107,0.12703,0.025289,-0.64141,-0.78191,-0.28047,-0.13025,0.05554,-0.13748,0.10774,-0.14158,1.2948,-0.24196,1.3148
0.31053,-0.21463,0.20024,-0.22201,-0.42153,0.98805,-0.0107,0.12703,0.025289,-0.64141,-0.78191,-0.28047,-0.13025,0.05554,-0.13748,0.10774,-0.14158,1.2948,-0.24196,1.3148
-0.048458,-0.23705,-0.58529,-0.071443,-0.2107,-0.29329,0.30236,0.12703,-0.071453,-0.50533,-0.86774,-0.28047,-0.21087,-0.043873,-0.10485,-0.3176,-0.15036,0.58673,0.21272,0.91407
0.3844,-0.16915,0.31059,0.063937,-0.14347,0.54933,-0.086925,0.12703,-0.0066791,-0.64141,-0.76482,-0.28047,-0.13001,0.5526,-0.14698,0.08009,-0.13981,0.58673,-0.78841,0.91407
0.3844,-0.16915,0.31059,-0.25867,-0.45718,1.2643,-0.086925,0.12703,-0.0066791,-0.64141,-0.78221,-0.28047,-0.14265,0.05554,-0.12389,0.0053872,-0.14083,1.2948,-0.1808,1.3148
0.3844,-0.16915,0.31059,-0.25867,-0.45718,1.2643,-0.086925,0.12703,-0.0066791,-0.64141,-0.78221,-0.28047,-0.14265,0.20466,-0.13655,0.076052,-0.14128,1.2948,-0.18838,1.3148
0.31053,-0.21463,0.20024,-0.22201,-0.42153,0.98805,-0.0107,0.12703,0.025289,-0.64141,-0.76425,-0.28047,-0.12363,0.05554,-0.13466,0.10005,-0.14146,1.2948,-0.2131,1.3148
0.22963,-0.26445,0.07939,-0.18186,-0.38249,0.68551,0.072783,0.12703,0.0603,-0.64141,-0.78161,-0.28047,-0.11435,0.5526,-0.13147,-0.14965,-0.13299,0.58673,-0.79533,1.3148
-0.11764,-0.17891,-0.62096,-0.2508,-0.36154,-0.078434,0.35276,0.12703,-0.055878,-0.50533,-0.80978,-0.28047,-0.17321,-1.4357,-0.14322,0.11401,-0.15441,0.58673,0.19343,0.91407
-0.21531,-0.26445,0.07939,-0.53519,-0.72608,0.68551,0.37889,0.12703,0.14138,-0.50533,-0.59765,-0.21186,0.040315,0.70172,-0.12886,0.015273,-0.13658,1.2948,-0.77802,1.3148
0.14064,-0.31925,-0.053546,-0.32319,-0.51993,0.76381,0.16461,0.12703,0.098814,-0.64141,-0.74475,-0.28047,-0.08232,0.10525,-0.13533,-0.078942,-0.1359,1.2948,-0.5653,1.3148
0.14064,-0.31925,-0.053546,-0.32319,-0.51993,0.76381,0.16461,0.12703,0.098814,-0.64141,-0.74475,-0.28047,-0.060505,0.75143,-0.13526,-0.14441,-0.13083,0.58673,-0.93676,1.3148
-0.31835,-0.186,-0.63147,-0.44035,-0.59588,-0.10165,0.5706,0.12703,0.042805,-0.50533,-0.82377,-0.27256,-0.14821,0.45319,-0.060498,-0.59658,-0.15206,0.58673,0.42125,0.91407
-0.12807,-0.11617,-0.5462,-0.22862,-0.3926,-0.15511,0.4104,0.12703,-0.029721,-0.50533,-0.82359,-0.27256,-0.18034,0.45319,-0.073755,-0.67015,-0.15178,0.23271,0.32914,0.51334
-0.20676,-0.18647,-0.59041,-0.31605,-0.4783,-0.090004,0.4613,0.12703,0.0022216,-0.50533,-0.8339,-0.27256,-0.17275,0.40349,-0.059286,-0.54409,-0.15305,0.23271,0.25183,-0.28811
-0.12312,-0.24668,-0.4811,-0.22961,-0.39642,-0.13986,0.40784,0.12703,-0.0081775,-0.50533,-0.84646,-0.27256,-0.1802,0.45319,-0.074503,-0.62178,-0.15292,-0.47533,0.068276,-0.28811
-0.13189,-0.27815,-0.48559,-0.27019,-0.43618,-0.073063,0.41715,0.12703,0.012161,-0.50533,-0.85575,-0.27256,-0.17516,0.45319,-0.066659,-0.59013,-0.15324,-0.47533,-0.0266,-0.28811
-0.13189,-0.27815,-0.48559,-0.27019,-0.43618,-0.073063,0.41715,0.12703,0.012161,-0.50533,-0.85575,-0.27256,-0.17516,0.45319,-0.066659,-0.59013,-0.15324,-0.47533,-0.0266,-0.28811
0.45211,-0.053689,0.59069,0.076343,-0.1314,1.0168,-0.28042,0.12703,-0.071453,-0.64141,-0.79958,-0.28047,-0.1611,0.75143,-0.14247,0.073053,-0.14191,1.2948,-0.61222,1.3148
0.081317,-0.26445,0.07939,-0.18186,-0.38249,0.68551,0.072783,0.12703,0.08057,-0.64141,-0.7289,-0.28047,-0.075107,0.05554,-0.14074,0.01233,-0.13906,1.2948,-0.060922,1.3148
-0.91644,-1.8187,-0.75852,-0.84033,-1.0228,-0.13313,0.96327,1.2166,1.2507,-0.64141,-0.9142,-0.2277,0.03171,-0.2924,0.20648,-0.74525,-0.13649,0.58673,1.4582,0.91407
-0.91644,-1.8187,-0.75852,-0.84033,-1.0228,-0.13313,0.96327,1.2166,1.2507,-0.64141,-0.9142,-0.2277,0.03171,-0.88888,0.02051,0.15896,-0.15117,0.58673,1.3323,0.71371
-0.77387,-0.73548,-0.66732,-0.74944,-0.62739,-0.18084,0.62963,0.67183,0.14138,-0.64141,-0.61914,-0.23825,-0.16961,0.60231,-0.1815,1.428,-0.15715,0.58673,-0.25734,-0.020972
-0.77387,-0.73548,-0.66732,-0.74944,-0.62739,-0.18084,0.62963,0.67183,0.14138,-0.64141,-0.61914,-0.23825,-0.1727,0.5526,-0.18627,1.5077,-0.15742,0.58673,-0.28572,-0.020972
-0.77387,-0.73548,-0.66732,-0.74944,-0.62739,-0.18084,0.62963,0.67183,0.14138,-0.64141,-0.62665,-0.23825,-0.17579,0.0058339,-0.15783,0.49456,-0.1541,0.58673,0.23337,-0.020972
-0.83437,-0.76955,-0.74135,-0.82322,-0.69247,-0.16562,0.68166,0.67183,0.15989,-0.64141,-0.62541,-0.23825,-0.16953,0.30407,-0.17208,0.98952,-0.15582,0.58673,0.030312,-0.020972
-0.77387,-0.73548,-0.66732,-0.74944,-0.62739,-0.18084,0.62963,0.67183,0.14138,-0.64141,-0.62665,-0.23825,-0.17373,0.35378,-0.12739,0.75697,-0.15493,0.58673,0.080931,-0.020972
-0.50624,-0.58481,-0.33987,-0.49442,-0.40892,-0.090004,0.39949,0.67183,0.059521,-0.64141,-0.64709,-0.23825,-0.20817,0.10525,-0.16036,1.1638,-0.15693,0.58673,0.094175,-0.28811
-0.71588,-0.70283,-0.59637,-0.67872,-0.56502,-0.19541,0.57977,0.67183,0.12364,-0.64141,-0.62787,-0.23825,-0.1818,0.35378,-0.14579,0.6035,-0.15445,0.58673,0.13224,-0.020972
-0.71588,-0.70283,-0.59637,-0.67872,-0.56502,-0.19541,0.57977,0.67183,0.12364,-0.64141,-0.62041,-0.23825,-0.18079,0.5526,-0.14455,1.0208,-0.15603,0.58673,0.047051,-0.020972
-0.77387,-0.73548,-0.66732,-0.6705,-0.55063,-0.35577,0.62963,0.67183,0.14138,-0.64141,-0.62665,-0.23825,-0.17476,0.5526,-0.17469,1.1494,-0.1562,0.58673,-0.089841,-0.020972
-0.90208,-0.86961,-0.82227,-0.82322,-0.69247,-0.34436,0.75153,0.67183,0.21541,-0.64141,-0.63258,-0.23825,-0.14845,0.40349,-0.15842,0.54234,-0.15373,0.58673,0.060251,-0.020972
-0.97543,-0.79873,-0.59637,-0.9106,-0.71534,-0.3667,0.78065,0.67183,0.18572,-0.64141,-0.60747,-0.23825,-0.1414,0.5029,-0.13874,0.94267,-0.15559,0.58673,0.096112,-0.020972
-0.84013,-0.73548,-0.74652,-0.82837,-0.70415,-0.0059001,0.62963,0.67183,0.15949,-0.64141,-0.63648,-0.23825,-0.17115,0.30407,-0.1502,0.10389,-0.15116,0.58673,0.28691,-0.020972
-0.78077,-0.70283,-0.67392,-0.75602,-0.64018,-0.02412,0.57977,0.67183,0.14138,-0.64141,-0.63761,-0.23825,-0.17776,0.25437,-0.15627,0.54561,-0.15418,0.58673,0.21647,-0.020972
-0.72383,-0.67152,-0.60428,-0.68661,-0.57883,-0.0416,0.53194,0.67183,0.12401,-0.64141,-0.63874,-0.23825,-0.18212,-0.093579,-0.15873,1.062,-0.1566,0.58673,0.17585,-0.28811
-0.72383,-0.67152,-0.60428,-0.68661,-0.57883,-0.2094,0.59753,0.67183,0.12401,-0.64141,-0.64604,-0.23825,-0.18558,0.10525,-0.15033,0.82076,-0.15559,0.58673,0.25504,-0.020972
-0.72383,-0.76546,-0.60428,-0.68661,-0.57883,-0.2094,0.59753,0.67183,0.15876,-0.64141,-0.66439,-0.23825,-0.17668,0.20466,-0.15349,0.97326,-0.15601,0.58673,0.12429,-0.020972
-0.50624,-0.58481,-0.33987,-0.49442,-0.40892,-0.090004,0.39949,0.67183,0.059521,-0.64141,-0.63258,-0.23825,-0.20351,0.30407,-0.17669,1.2632,-0.15703,0.58673,-0.21215,-0.28811
-0.45878,-0.55809,-0.2818,-0.50519,-0.42463,0.050215,0.35867,0.67183,0.045001,-0.64141,-0.64092,-0.23825,-0.21117,0.35378,-0.15774,0.88399,-0.15592,0.58673,0.25491,-0.020972
-0.55557,-0.61258,-0.40022,-0.62871,-0.53408,0.086712,0.44191,0.67183,0.074611,-0.64141,-0.63142,-0.23825,-0.1984,0.20466,-0.153,1.1588,-0.15676,0.58673,0.2294,-0.020972
-0.55557,-0.61258,-0.40022,-0.55597,-0.46334,-0.074502,0.44191,0.67183,0.074611,-0.64141,-0.63142,-0.23825,-0.1965,0.5526,-0.19244,1.248,-0.15696,0.58673,-0.24231,-0.020972
-0.45878,-0.55809,-0.2818,-0.50519,-0.42463,0.050215,0.35867,0.67183,0.045001,-0.64141,-0.64813,-0.23825,-0.213,0.05554,-0.16236,1.1665,-0.15705,0.58673,0.096336,-0.28811
-1.0533,-0.62612,-0.86003,-1.0033,-0.8807,0.21568,0.7003,0.67183,0.15557,-0.64141,-0.65978,-0.23825,-0.15423,0.45319,-0.13189,0.69225,-0.15595,0.58673,0.12224,-0.28811
-1.0594,-0.52233,-0.87463,-1.0106,-0.92314,0.44945,0.64673,0.67183,0.14138,-0.64141,-0.68526,-0.23825,-0.1586,0.5526,-0.15395,0.78196,-0.15681,0.58673,0.051748,-0.28811
-0.98768,-0.73179,-0.77341,-0.92518,-0.76498,-0.26005,0.78317,0.67183,0.15745,-0.64141,-0.63496,-0.23825,-0.15904,0.25437,-0.14069,0.58805,-0.15504,0.58673,0.18779,-0.020972
-0.61342,-0.54133,-0.46169,-0.73974,-0.67183,0.27338,0.49166,0.67183,0.066702,-0.64141,-0.65471,-0.23825,-0.20001,0.30407,-0.16621,0.46318,-0.15479,0.58673,0.16124,-0.28811
-0.98307,-0.79309,-0.83814,-0.91969,-0.81703,-0.23572,0.82004,0.67183,0.1998,-0.64141,-0.65381,-0.23825,-0.14898,0.25437,-0.16197,0.20945,-0.15288,0.58673,-0.021288,-0.28811
-0.922,-0.70283,-0.83814,-0.91969,-0.81703,-0.074502,0.75701,0.67183,0.15808,-0.64141,-0.62859,-0.23825,-0.16038,0.30407,-0.14167,0.51639,-0.15436,0.58673,0.15344,-0.020972
-0.86562,-0.67333,-0.76936,-0.7798,-0.68644,-0.24812,0.70854,0.67183,0.14138,-0.64141,-0.62968,-0.23825,-0.16716,0.25437,-0.15577,0.61542,-0.15498,0.58673,0.16579,-0.28811
