<?xml version='1.0' encoding='UTF-8'?>
<!DOCTYPE entry SYSTEM "valueObject.dtd" >


<value valueClass="com.objectwave.persist.value.PersonValue" domainClass="com.objectwave.persist.xml.test.Person"  >
  <attribute valueField="firstName" 
             domainProperty="firstName"/>
  <attribute valueField="lastName" 
             domainProperty="lastName"/>
  <attribute valueField="age" 
             domainProperty="age"/>
  <attribute valueField="areaCode" 
             domainProperty="personPhone2.phone.prefix"/>
  <attribute valueField="phoneNumber" 
             domainProperty="personPhone2.phone.phoneNumber"/>
  <attribute valueField="extension" 
             domainProperty="personPhone2.phone.extension"/>

  <constraint domainProperty="personPhone2.phone.prefix" equals="312" />

</value>

<!--
<value valueClass="com.objectwave.persist.value.PersonValue" domainClass="com.objectwave.persist.xml.test.PersonPhone"  >
  <attribute valueField="firstName" 
             domainProperty="person.firstName"/>
  <attribute valueField="lastName" 
             domainProperty="person.lastName"/>
  <attribute valueField="age" 
             domainProperty="person.age"/>
  <attribute valueField="areaCode" 
             domainProperty="phone.prefix"/>
  <attribute valueField="phoneNumber" 
             domainProperty="phone.phoneNumber"/>
  <attribute valueField="extension" 
             domainProperty="phone.extension"/>

  <constraint domainProperty="phone.prefix" equals="312" />

</value>
-->