<!-- Maven project descriptor -->
<!-- Version $Id: project.xml,v 1.1 2003/12/01 16:51:54 dave_hoag Exp $ -->
<project>
  <pomVersion>3</pomVersion>
  <name>jgrinder-persistence</name>
  <id>persistence</id>
  <currentVersion>2.x</currentVersion>
  <organization>
    <name>ObjectWave Corporation</name>
    <url>http://jgrinder.sf.net/</url>
  </organization>
  <inceptionYear>2000</inceptionYear>
  <package>com.objectwave</package>

  <shortDescription>Persistence classes the heart of JGrinder</shortDescription>
  <dependencies>
<!-- Don't think I need any of these for building the code
    <dependency>
      <groupId>servletapi</groupId>
	  <artifactId>servletapi</artifactId>
      <version>2.2</version>
    </dependency>
    <dependency>
      <groupId>log4j</groupId>
      <artifactId>log4j</artifactId>
      <version>1.2.4</version>
    </dependency>
    <dependency>
      <groupId>junit</groupId>
      <artifactId>junit</artifactId>
      <version>3.8.1</version>
      <url>http://www.junit.org/</url>
    </dependency>
-->
    <dependency>
      <groupId>bcel</groupId>
      <artifactId>bcel</artifactId>
      <version>5.0</version>
      <url>http://jakarta.apache.org/bcel/</url>
    </dependency>
    <dependency>
      <groupId>tools</groupId>
      <artifactId>tools</artifactId>
      <version>2.x</version>
    </dependency>
    <dependency>
      <groupId>oracle</groupId>
      <artifactId>oracle</artifactId>
      <version>2.x</version>
    </dependency>
    <dependency>
      <groupId>utility</groupId>
      <artifactId>utility</artifactId>
      <version>2.x</version>
    </dependency>
    <dependency>
      <groupId>j2ee</groupId>
      <artifactId>j2ee</artifactId>
      <version>1.2</version>
    </dependency>
  </dependencies>
  <build>
    <nagEmailAddress>
      dave_hoag@sf.net
    </nagEmailAddress>
    <sourceDirectory>src</sourceDirectory>
    <sourceModifications>
		<sourceModification>
			<className>com.objectwave.xjr.TestThis</className>
			<excludes><exclude>com/objectwave/persist/value/*.java</exclude></excludes>
		</sourceModification>
    </sourceModifications>
    <unitTestSourceDirectory>testSrc</unitTestSourceDirectory>
    <!-- Unit test cases -->
    <unitTest>
      <includes>
        <include>**/*TestCase.java</include>
      </includes>
		<resources>
			<resource>
				<directory>src</directory>
				<includes>
					<include>**/*.xml</include>
					<include>**/*.properties</include>
				</includes>
			</resource>
		</resources>
    </unitTest>
  </build>
</project>
