<?xml version="1.0" encoding="UTF-8"?>
<!DOCTYPE document PUBLIC "-//APACHE//DTD Documentation V2.0//EN" "http://forrest.apache.org/dtd/document-v20.dtd">

<document>
	<header>
		<title>GaFrame</title>
	</header>
	<body>
		<section id="motivation" >
			<title>Motivation</title>
			<p>Dieses Projekt ist als Beleg im Fach <em>Genetische Algorithmen</em> (bei <a href="ext:htw/iwe">Prof. Iwe</a>)
			an der <a href="ext:htw">HTW Dresden</a> entstanden.</p>
			<p>Projektmitglieder:</p> 
			<ul>
				<li>Dominik Hölz (<a href="mailto:dhoelz@hoelzware.de">s52654</a>)</li>
				<li>Wolfram Wagner (<a href="mailto:wolfram.wagner@googlemail.com">s52609</a>)</li>
			</ul>
		</section>
		<section>
			<title>Genetische Algorithmen</title>
			<p>Unter dem Begriff <em>Genetische Algorithmen</em> sind Programme zusammengefasst, die versuchen, analytisch
			nicht oder nur unter enormem Aufwand zu berechnende Probleme zu lösen.</p>
			<p>Ein Genetischer Algorithmus bedient sich dabei einer Vorgehensweise, die an das natürliche Vorbild, die 
			Evolution, angelehnt ist: </p>
			<ul>
				<li>Jede mögliche Lösung des Algorithmus bildet ein <em>Individuum</em></li>
				<li>Die Eigenschaften des gesuchten Programms (bzw. Algorithmus) werden in geeigneter Form (binär) codiert,
				sie bilden dann das <em>Chromosom</em> des Individuums </li>
				<li>Der Genetische Algorithmus bildet Mengen verschiedener Individuen(<em>Populationen</em>) </li>
				<li>Durch Kreuzung, Mutation oder weitere Operationen werden (analog zum natürlichen Vorbild) weitere
				Generationen erzeugt</li>
				<li>Eine <em>Fitnessfunktion</em> bestimmt die Qualität eines Individuums, legt also fest, wie gut dieses
				Individuum das Problem lösen kann </li>
				<li>Durch verschiedene <em>Auswahlverfahren</em> werden innerhalb mehrerer Generationen immer "fittere"
				Individuen erzeugt, bis eine vorgegebene Fitness erreicht ist </li>
			</ul>
			<p>Ein einführender Artikel zu Genetischen Algorithmen, der einen kurzen Überblick über das Themenfeld gibt,
			findet sich bei <a href="ext:wikipedia/ga">Wikipedia</a>.</p>
		</section>

		<section>
			<title>Ein flexibles Framework</title>
			<p>Da in zwei eigentlich unabhängigen Projekten (jeweils Belege im Fach <a href="ext:htw/iwe/lehre">Neuroinformationsverarbeitung</a>)
			auch Genetische Algorithmen genutzt werden sollten, entstand die Idee, für diese beiden Projekte eine gemeinsame
			Basis zu schaffen.</p>
			<p>Nach Diskussion der <a href="site:anforderungen">Anforderungen</a> entstand so ein flexibel einsetzbares, auf Java basierendes
			Framework, das bereits einige grundlegende Techniken der Genetischen Algorithmen zur Verfügung stellt, aber auch leicht
			an individuelle Bedürfnisse anpassbar ist.</p>
			<p>Das Framework wird in den Belegen der Autoren (siehe oben) bereits erfolgreich eingesetzt, eignet sich aber auch
			für den Einsatz in weiteren Projekten. </p>
		</section>
	</body>
</document>
