<?xml version="1.0" encoding="UTF-8"?>

<!--
	Forrest site.xml
	
	This file contains an outline of the site's information content.  It is used to:
	- Generate the website menus (though these can be overridden - see docs)
	- Provide semantic, location-independent aliases for internal 'site:' URIs, eg
	<link href="site:changes"> links to changes.html (or ../changes.html if in
	subdir).
	- Provide aliases for external URLs in the external-refs section.  Eg, <link
	href="ext:cocoon"> links to http://cocoon.apache.org/ 
	
	See http://forrest.apache.org/docs/linking.html for more info
-->

<site label="MyProj" href=""
	xmlns="http://apache.org/forrest/linkmap/1.0" tab="">
	<!-- Note: No matter what you configure here, Forrest will always try to load
		index.html when you request http://yourHost/.
		'How can I use a start-up-page other than index.html?' in the FAQs has more 
		information tells you how to change that. 
	-->
	<home tab="home" href="index.html" label="Einführung" />

	<konzeption tab="home" href="konzeption/" label="Konzeption">
		<anforderungen label="Anforderungen" href="anforderungen.html" />
		<einschraenkungen label="Einschränkungen" href="einschraenkungen.html" />
		<design label="Design" href="design.html" />
	</konzeption>
	<implementierung tab="home" href="implementierung/" label="Implementierung">
		<verfahren label="Verfahren" href="verfahren.html" />
		<parallelisierung label="Paralellisierung" href="parallelisierung.html" />
		<verteilt label="Verteilte Verarbeitung" href="cluster.html" />
	</implementierung>
	<nutzung tab="home" href="nutzung/" label="Nutzung">
		<lokal label="Allgemein" href="lokal.html" />
		<threads label="Multithreading" href="threads.html" />
		<cluster label="Clusterbetrieb" href="verteilt.html" />
	</nutzung>
	
	<ressourcen tab="res" href="ressourcen/ressourcen.html" label="Ressourcen" />
	<javadoc tab="javadoc" href="javadoc/index.html" label="Javadoc" />


	<!--
		The href must be wholesite.html/pdf  You can change the labels and node names -->
	<all tab="home" label="Export">
		<whole_site_html label="Gesamte Seite in HTML" href="wholesite.html"/> 
		<whole_site_pdf label="Gesamte Seite als PDF"
			href="wholesite.pdf" />
	</all>


	<external-refs>
		<htw href="http://www.htw-dresden.de/">
			<iwe href="~iwe/">
				<lehre href="lehreSS.html" />
			</iwe>
		</htw>
		
		<java href="http://java.sun.com/" >
			<download href="javase/downloads/" />
		</java>
		<ant href="http://ant.apache.org/">
			<download href="bindownload.cgi" />
		</ant>
		<jdom href="http://www.jdom.org/" />
		
		<wikipedia href="http://de.wikipedia.org/wiki/" >
			<rucksack href="Rucksackproblem" />
			<ga href="Genetischer_Algorithmus" />
		</wikipedia>
		
		<hoelzware href="http://www.hoelzware.de/">
			<svn_ga href="svn/gaFrame/" />
		</hoelzware>
		
		<forrest href="http://forrest.apache.org/">
			<linking href="docs/linking.html" />
			<validation href="docs/validation.html" />
			<webapp href="docs/your-project.html#webapp" />
			<dtd-docs href="docs/dtd-docs.html" />
		</forrest>
		<cocoon href="http://cocoon.apache.org/" />
		<xml.apache.org href="http://xml.apache.org/" />
	</external-refs>

</site>
