<?xml version='1.0' encoding='UTF-8'?>
<!DOCTYPE entry SYSTEM "field_match.dtd" >
<!-- This XML is a sample for the field match in jGrinder
-->

<entry>
	<table name="tableName" />

	<primary field_name="_id" table_field_name="table_id" />

	<attribute field_name="_fieldName_attribute" table_field_name="tableFieldName_attribute" />

	<instance class="com.objectwave.persist.xml.TestXMLPerson" field_name="_fieldName_instance1" table_field_name="tableFieldName_instance" />

	<instance class="com.objectwave.persist.xml.TestXMLPerson" field_name="_fieldName_instance2" />

	<foreign class="com.objectwave.persist.xml.TestXMLPerson" field_name="_fieldName_foreign" table_field_name="tableFieldName_foreign" />

<!-- Pretend we jave another reference that joins to a fax number! -->

	<foreign class="com.objectwave.persist.xml.TestXMLPerson" field_name="_fieldName_foreign" join_field="_fax" table_field_name="tableFieldName_foreign" />

	<collection class="com.objectwave.persist.xml.TestXMLPerson" field_name="_fieldName_collection" />

	<typeatt field_name="_fieldName_typeatt" table_field_name="tableFieldName_typeatt" />

</entry>
