<?xml version='1.0' encoding='UTF-8'?>
<!DOCTYPE entry SYSTEM "field_match.dtd" >
<!-- This XML is used as the mapping between object and tables in RDB
-->
<entry>
    <table name="testPerson" />
    <primary field_name="_name" table_field_name="name" sequence="false"/>
    <!--attribute field_name="_name" table_field_name="name" /-->
    <attribute field_name="_phone" table_field_name="phone" />
    <attribute field_name="_fax" table_field_name="fax" />
    <attribute field_name="_title" table_field_name="title" />
    <attribute field_name="_annualIncome" table_field_name="annualIncome" />
    <foreign class="com.objectwave.persist.xml.TestXMLCompany" field_name="_company" table_field_name="company" />
    <foreign class="com.objectwave.persist.xml.TestXMLCompany" field_name="_founderOf" table_field_name="founderOf" />

</entry>
