<?xml version="1.0" encoding="UTF-8"?>
<!DOCTYPE document PUBLIC "-//APACHE//DTD Documentation V2.0//EN" "http://forrest.apache.org/dtd/document-v20.dtd">

<document>
	<header>
		<title>Nutzung von GaFrame</title>
	</header>
	<body>
		<note>Die zur Nutzung von <strong>GaFrame</strong> notwendige Bibliothek wird im <a href="site:ressourcen">
		Downloadbereich</a> zur Verfügung gestellt. </note>
		<p>Im folgenden Abschnitt wird ein grundlegendes "Kochrezept" zur Erstellung eines eigenen Genetischen Algorithmus
		vorgestellt. </p>
		<p>Dabei geht es zuerst nur um die lokale Nutzung, die Möglichkeiten der <a href="site:threads">parallelen Nutzung</a>
		bzw. der Nutzung in einem <a href="site:cluster">Cluster</a> werden auf eigenen Seiten erläutert. </p>
			<p>Um die Bibliothek in einer eigenen Anwendung nutzen zu können, muss <code>ga-frame.jar</code> im Classpath
			enthalten sein. Weitere Konfigurationen sind nicht nötig, werden die Features zum Speichern/Laden von Populationen
			genutzt, muss auch die Bibliothek <a href="ext:jdom">JDOM</a> im Classpath liegen. </p>
			<p><code>ga-frame.jar</code> enthält neben den class-Dateien auch die Quelldateien des Projekts, so dass der Quellcode
			(und damit auch javadoc) zugänglich sind. Details zum Design des Frameworks sind auch aus <a href="site:design">Design</a>
			und <a href="site:javadoc">Javadoc</a> zu entnehmen. </p>
			<section>
				<title>Das Rucksackproblem</title>
				<p>Ein Beispiel für einen einfachen Genetischen Algorithmus ist die Klasse <code>de.htwdd.ga.examples.KnapSack</code>, diese
				ist direkt ausführbar und modelliert ein klassisches Beispiel Genetischer Algorithmen, das
				<a href="ext:wikipedia/rucksack">Rucksackproblem</a>. <br/>
				Das Problem besteht darin, aus einer Menge verschiedener Objekte (z.B. Zubehör für eine Bergwanderung) diejenigen auszuwählen,
				die in einen Rucksack gepackt werden sollen. Jedem Gegenstand ist dabei ein Nutzwert und ein Gewicht zugeordnet, der
				Rucksack hat ein maximal zulässiges Gesamtgewicht. Die optimale Kombination ist zu ermitteln.</p>
				<p>Anhand dieses Beispiels wird die Nutzung von <strong>GaFrame</strong> deutlich, die wichtigsten 
				Elemente des Frameworks werden hierzu im nächsten Abschnitt erläutert. </p>
				<note>Eine einfache Art und Weise, einen eigenen Genetischen Algorithmus zu erstellen, ist also, die genannte Klasse zu kopieren
				und sich durch Modifikationen mit dem Framework vertraut zu machen. </note>
			</section>
			<section>
				<title>Kochrezept für einen Genetischen Algorithmus</title>
				<p>Das folgende Diagramm zeigt das grundsätzliche Vorgehen, um mit <strong>GaFrame</strong> einen eigenen
				Genetischen Algorithmus zu implementieren. Die einzelnen Punkte werden in den folgenden Unterabschnitten
				weiter erläutert.</p>
				<p>
					<img src="images/kochrezept.png" alt="Kochrezept"/>
				</p>

				<section>
					<title>Grundlegende Elemente von <strong>GaFrame</strong></title>
					<dl>
						<dt><strong>Chromosom</strong></dt>
						<dd>
							<p>Ein Chromosom besteht aus einer Folge von Bits, in <strong>GaFrame</strong> wird es durch ein
							<code>java.util.BitSet</code> repräsentiert. </p>
							<p>Vor der Nutzung eines Genetischen Algorithmus muss also festgelegt werden, wie sich das vorliegende
							Problem am sinnvollsten codieren lässt. Eine sinnvolle Codierung des Rucksackproblems ist, für jeden
							Gegenstand ein Bit zu reservieren, das festlegt, ob der Gegenstand im Rucksack enthalten ist oder nicht.</p>
							<p>Der folgende Code gibt eine "Rucksackpopulation" auf der Konsole aus. Jeder im Rucksack enthaltene Gegenstand
							wird mit einem <code>x</code> markiert.</p>
							<source>
private static void displayPopulation(Individual[] population)
{
	StringBuffer out = new StringBuffer();
	for (Individual individual : population)
	{
		BitSet b = individual.getChromosome();
		
		out.append("individual ");
		for (int i = 0; i &lt; KnapsackFitness.NUM_ITEMS; i++)
		{
			if (b.get(i))
				out.append("x ");
			else
				out.append("- ");
		}
		out.append("\n");
	}
	System.out.println(out.toString());
}
							</source>
							
							<p>Bei der Arbeit mit einem BitSet kann entweder direkt auf die einzelnen Bits zugegriffen werden (wie im Beispiel),
							oder es kann die Klasse <code>de.htwdd.ga.util.BitSetUtil</code> genutzt werden, um Ganz- und Gleitkommazahlen in
							bestimmte Teile des BitSets zu schreiben bzw. wieder auszulesen.</p>
							<p>Der folgende Code extrahiert eine Ganzzahl aus den Bits 3-12 des BitSets <em>chromosome</em>:</p>
							<source>BitSetUtil.bitSetToInt(chromosome, 3, 10); </source> 
							
							<p>
								An dieser Stelle wollen wir auch darauf hinweisen, dass standardmäßig keine Gray-Codierung verwendet wird.
								Diese kann allerdings leicht durch die eben schon genutzte Klasse <code>de.htwdd.ga.util.BitSetUtil</code>
								nachgereicht werden. Hierzu muss man nur nach dem Setzen der Bitkombination 
								<code>BitSetUtil.doGrayCoding(bitSet)</code> aufrufen. Diese statische Methode transformiert das
								übergebene <code>BitSet</code> (in binärer Darstellung) in einen Gray-Code.
							</p>
							<p>
								Die Rücktransformation kann auf gleiche Weise mittels <code>BitSetUtil.doInvGrayCoding(BitSet bitSet)</code>
								erfolgen.
							</p>
						</dd>
						
						<dt><strong>Individuen/Populationen</strong></dt>
						<dd>
							<p>Ein Individuum (<code>de.htwdd.ga.Individual</code>) wird duch sein Chromosom repräsentiert, eine
							Population besteht aus einem Array von Individuen. </p>
							<p>Die Klasse <code>de.htwdd.ga.util.GaXMLUtil</code> bietet Methoden, um eine Population in einer
							XML-Datei zu persistieren oder sie wieder zu extrahieren.</p>
						</dd>
						
						<dt><strong>Fitnessfunktion</strong></dt>
						<dd>
							<p>Um die Fitness eines Individuums zu bestimmen, benötigt der Genetische Algorithmus eine auf das Problem
							zugeschnittene Fitnessfunktion. Diese muss das Interface <code>de.htwdd.ga.FitnessFunction</code> implementieren.
							</p>
							<p>Die Fitness eines Rucksackindividuums wird duch die aufsummierten Nutzwerte der enthaltenen Gegenstände
							bestimmt, die Nutzwerte werden aus einer Tabelle ausgelesen. Ein zu schwerer Rucksack hat die Fitness 0. Das Array 
							<code>knapSackArray</code> enthält Nutzwert und Gewicht der einzelnen Gegenstände, der zweite Gegenstand hat z.B. das Gewicht
							7 und den Nutzwert 5. </p>
							<source>
public class KnapsackFitness implements FitnessFunction
{
    public static final int NUM_ITEMS   = 9;
    private static final int MAX_WEIGHT	= 58;
    public static long delay            = 0;
	
	private int	knapSackArray[][] = {
	{ 3, 3 }, { 7, 5 }, { 4, 2 }, { 12, 11 },
	{ 8, 4 }, { 10, 6 }, { 9, 2 }, { 14, 15 },
	{ 10, 12 }, { 12, 9 } };



	public double computeFitness(BitSet chromosome)
	{
		int weightSum = 0, valueSum = 0;
		for (int iGene = 0; iGene &lt; NUM_ITEMS; ++iGene)
		{
			if (chromosome.get(iGene))
			{
				weightSum += knapSackArray[iGene][0];
				valueSum += knapSackArray[iGene][1];
			}
		}

		if (weightSum &lt;= MAX_WEIGHT)
			return valueSum;
		else
			return 0;
	}
}
							</source>
						</dd>
						
						<dt><strong>Genetischer Algorithmus</strong></dt>
						<dd>
							<p>Die Klasse <code>de.htwdd.ga.GeneticAlgorithm</code> ist die zentrale Klasse von <strong>GaFrame</strong>,
							sie steuert den Ablauf des Genetischen Algorithmus. Um einen Genetischen Algorithmus zu nutzen, muss diese Klasse
							instanziiert werden. Dabei ist anzugeben: </p>
							<ul>
								<li><code>chromosomeLength</code> - die Länge des Chromosoms aller Individuen</li>
								<li><code>maxCycles</code> - die maximale Anzahl von Generationen, die erzeugt werden sollen</li>
								<li><code>terminationFitness</code> - sobald mindestens ein Individuum der Population diese Fitness
								erreicht, wird der Algorithmus beendet.</li>
								<li><code>populationSize</code> - die Anzahl von Individuen pro Population</li>
							</ul>
							<p>Im Weiteren muss dem Genetischen Algorithmus eine Fitnessfunktion (siehe unten) angegeben werden. Optional
							können außerdem die einzelnen Bestandteile (Initialisierungsfunktion, Ersetzungsschema, ...) definiert werden,
							falls von den Standardeinstellungen abweichende Verfahren verwendet werden sollen.</p>
							<p><code>run()</code> startet den Genetischen Algorithmus.</p>
							<p>Der folgende Code zeigt die entsprechende Lösung im Rucksackproblem: </p>
							<source>
GeneticAlgorithm algorithm = new GeneticAlgorithm(KnapsackFitness.NUM_ITEMS, 100, 66, 20);
algorithm.setFitnessFunction(KnapsackFitness.class);
algorithm.setCrossoverMethod(new TwoPointCrossover());
algorithm.setMutationRate(0.1);
algorithm.setSelectionStrategy(new RankingSelection(.3, .4));

algorithm.run();
							</source>
						</dd>
					</dl>
				</section>
				<section>
					<title>Optionale Konfigurationsmöglichkeiten</title>
					<dl>
						<dt><strong>GaFrame individualisieren</strong></dt>
						<dd>
							<p>GaFrame kann leicht individualisiert werden, um z.B. Log-Ausgaben oder das automatische Speichern der Populationen nach jedem
							Durchlauf zu realisieren. Zu diesem Zweck muss lediglich die Klasse <code>de.htwdd.ga.GeneticAlgorithm</code> abgeleitet werden.
							Alle nicht als final deklarierten Methoden lassen sich leicht überschreiben, um individuelle Erweiterungen zu realisieren. Dabei ist
							darauf zu achten, dass im Verlauf der Methode <code>super</code> aufgerufen wird. </p>
							<p>Im folgenden Beispiel wird die Methode <code>runReplacement()</code> überschrieben, um eine Logausgabe zu realisieren und die 
							Population zu speichern.</p>
							<source>
public class MyGA extends GeneticAlgorithm
{
	public MyGA(int chromosomeLength, int numCycles, int populationSize)
	{
		super(chromosomeLength, numCycles, 0.98, populationSize);
	}

	@Override
	protected void runReplacement()
	{
		super.runReplacement();

		// Fitnesswerte aller Individuen ausgeben
		StringBuffer buffer = new StringBuffer();
		buffer.append("##population fitness after cycle ");
		buffer.append(cycle + 1);
		IndividualSorter.sortIndividuals(population);
		for (Individual individual : population)
		{
			buffer.append(String.format(" %1.4f", individual.getFitness()));
		}
		System.out.println(buffer.toString());

		//Population speichern
		GaXmlUtil.writeToFile(population, "data/" + cycle + ".xml");
	}
}
							</source>
							<p>Neben der Möglichkeit, <code>GeneticAlgorithm</code> zu überschreiben, können auch alle weiteren <a href="site:design">
							austauschbaren Komponenten</a> durch individuelle Implementierungen (z.B. eine eigene Ersetzungsstrategie) ersetzt werden. </p>
						</dd>
					
						<dt><strong>Mutationsrate</strong></dt>
						<dd>
							<p>Die Mutationsrate bestimmt, mit welcher Wahrscheinlichkeit ein Individuum mutiert, also 
							sein Erbmaterial zufällig verändert. Mutationen werden nach der Ersetzung durchgeführt (siehe 
							<a href="site:design">Ablaufmodellierung</a>). </p>
							<p>Beispiel:</p>
							<source>
GeneticAlgorithm algorithm;
...
algorithm.setMutationRate(0.2);
							</source>
						</dd>
						
						<dt><strong>Initialisierungsfunktion</strong></dt>
						<dd>
							<p>Die Initialisierungsfunktion erzeugt eine Startpopulation, mit der der Genetische Algorithmus im Folgenden arbeiten wird
							(<code>de.htwdd.ga.InitializationFunction</code>). Standardmäßig werden die hier erzeugten Individuen mit einem
							zufällig erzeugten Chromosom ausgestattet. Weiterhin ist es möglich, eine Überpopulation erzeugen zu lassen, deren 
							"fitteste" Individuen dann die initiale Population bilden. Standardmäßig wird keine Überpopulation erzeugt.</p>
							<p>Das folgende Beispiel erzeugt eine Überpopulation von 50%:</p>
							<source>
GeneticAlgorithm algorithm;
...
algorithm.getInitializationFunction().setInitializationCoeff(1.5);
							</source>
							<p>Die Klasse <code>de.htwdd.ga.FileInitialization</code> erlaubt es, eine aus einer XML-Datei extrahierte Population
							als Startpopulation zu nutzen, weitere eigene Implementierungen sind denkbar. </p>
							<p>Beispiel:</p>
							<source>
GeneticAlgorithm algorithm;
...
FileInitialization init = new FileInitialization("alte_Population.xml");
algorithm.setInitializationFunction(init);
							</source>
						</dd>
						
						<dt><strong>Selektionsverfahren</strong></dt>
						<dd>
							<p>Das Selektionsverfahren bestimmt, welche Individuen einer aktuellen Population sich vermehren dürfen,
							Basisklasse für Selektionsverfahren ist <code>de.htwdd.ga.SelectionStrategy</code>. </p>
							<p>Vorhandene Selektionsverfahren: </p>
							<ul>
								<li>zufällige Auswahl von Heiratskandidaten: <code>de.htwdd.ga.RandomSelection</code> </li>
								<li>rangbasierte Auswahl: <code>de.htwdd.ga.RankingSelektion</code></li>
							</ul>
							<p>Beispiel:</p>
							<source>
GeneticAlgorithm algorithm;
...
algorithm.setSelectionStrategy(new RankingSelection(.3, .4));
							</source>
						</dd>
						
						<dt><strong>Kreuzungsverfahren</strong></dt>
						<dd>
							<p>Um aus einer vorhandenen Population von Individuen Nachkommen zu gewinnen, werden jeweils
							zwei Individuen aus dem Heiratspool mittels eines <em>Kreuzungsverfahrens</em> rekombiniert.</p>
							<p>Grundsätzlich bedeutet dies, dass das "Erbgut" (also das Chromosom) der Eltern in geeigneter
							Weise gespalten wird, wodurch man (üblicherweise) zwei neue Individuen, die Kinder, erhält.</p>
							<p><strong>GaFrame</strong> enthält zwei grundlegenden Kreuzungsverfahren: </p>
							<ul>
								<li><code>de.htwdd.ga.SinglePointCrossover</code>: Bei diesem Verfahren wird zufällig eine 
								Stelle des Chromosoms ausgewählt, die Chromosomen der beiden Eltern werden an dieser
								Stelle aufgeteilt. Durch Vertauschen der jeweils zweiten Hälften der Chromsomen entstehen
								zwei neue Individuen.<br/>
								<img src="images/SinglePoint.png" alt="Ein-Punkt-Kreuzung"/></li>
								<li><code>de.htwdd.ga.TwoPointCrossover</code>: Aus dem Namen wird bereits klar, dass bei
								diesem Verfahren zwei Stellen des Chromosoms ausgewählt werden. So wird aus der Mitte der
								Chromosomen der Eltern ein Teil herausgetrennt, durch Kreuzung erhält man auch hier zwei
								neue Individuen.<br/>
								<img src="images/TwoPoint.png" alt="Zwei-Punkt-Kreuzung"/> </li>
							</ul>
							<p>Beispiel:</p>
							<source>
GeneticAlgorithm algorithm;
...
algorithm.setCrossoverMethod(new TwoPointCrossover());
							</source>
						</dd>
					</dl>
				</section>
			</section>
	</body>
</document>
