<?xml version="1.0" encoding="UTF-8"?>
<!DOCTYPE document PUBLIC "-//APACHE//DTD Documentation V2.0//EN" "http://forrest.apache.org/dtd/document-v20.dtd">
<document>
	<header>
		<title>Unterstützung für Multithreading</title>
	</header>
	<body>
		<p>Oft ist es sinnvoll, <strong>GaFrame</strong> im MultiThreaded-Modus zu betreiben. Weitere Erläuterungen
		dazu finden sich im Abschnitt <a href="site:parallelisierung">Implementierung</a>. </p>
		<section>
			<title>Nutzung von Multithreading</title>
			<warning>Multithreading ist standardmäßig nicht aktiviert und sollte nur genutzt werden, wenn die Fitnessfunktion
			des vorliegenden Problems aufwändig zu berechnen ist im Verhältnis zum rechnerischen Mehraufwand, der durch
			die Threadsynchronisation entsteht. Außerdem ist Multithreading nur bei Mehrprozessor- oder Mehrkernmaschinen
			sinnvoll. <br/>
			Sind diese Bedingungen erfüllt, bringt der Einsatz von Multithreading allerdings einen enormen Zeitgewinn.</warning>
			<p>Multithreading wird einfach durch das Setzen der Property <code>multiThreaded</code> der Klasse
			<code>de.htwdd.ga.GeneticAlgorithm</code> aktiviert: </p>
			<source>
GeneticAlgorithm algorithm = new GeneticAlgorithm(KnapsackFitness.NUM_ITEMS, 100, 66, 20);
...
algorithm.setMultiThreaded(true);
algorithm.run();
			</source>
			<p>Das Beispiel stammt aus dem schon im <a href="site:lokal">vorherigen Abschnitt</a> erläuterten
			Beispielprogramm zum Rucksackproblem.</p>
			<p>Zu beachten ist, dass pro Thread nur eine Instanz der Fitnessfunktion erzeugt wird, die dann im weiteren
			Verlauf wiederverwendet wird.</p>
		</section>
	</body>
</document>
