<?xml version="1.0" encoding="UTF-8"?>
<!DOCTYPE document PUBLIC "-//APACHE//DTD Documentation V2.0//EN" "http://forrest.apache.org/dtd/document-v20.dtd">
<document>
	<header>
		<title>Verteilte Verarbeitung (Clusterbetrieb)</title>
	</header>
	
	<body>
		<p>
			Sind aufwändige Fitnessfunktionen zu berechnen und steht ein Rechnerpool zur Verfügung, kann <strong>GaFrame</strong>
			mit relativ geringem Aufwand für den Clusterbetrieb eingerichtet werden. Diese Seite erläutert die Vorgehensweise
			an einem Beispiel.
		</p>
		<section>
			<title>Konfiguration für Clusterbetrieb</title>
			<p>Die eigentliche Konfiguration des Genetischen Algorithmus erfordert keinen großen Aufwand. Es muss lediglich
			ein (String-) Array mit Servernamen übergeben werden. <code>GeneticAlgorithm</code> versucht dann, zu jedem
			der angegebenen Server eine RMI-Verbindung aufzubauen und erzeugt so viele entfernte Prozesse, wie auf dem
			jeweiligen Hostsystem Prozessoren/Kerne vorhanden sind. Diese Prozesse werden dann mit je einer Instanz der
			zu nutzenden Fitnessfunktion initialisiert.</p>
			<p>Beispiel:</p>
			<source>
GeneticAlgorithm algorithm;
...
String servers[] = {"isys23", "isys24", "isys25"};
algorithm.activateRMI(servers);
algorithm.run;
			</source>
			<p>Sinnvollerweise würde man die Servernamen im realen Fall aus einer Datei auslesen.</p>
		</section>
		<section>
			<title>Koordination der RMI-Server</title>
			<p>Das eigentliche Problem des Clusterbetriebs besteht in der Koordination der Server. Am einfachsten lassen
			sich die auftretenden Probleme lösen, wenn man per SSH und PublicKey-Authentifizierung (möglichst ohne Passwort)
			auf die verschiedenen Server zugreifen kann. Die Codeverteilung kann einfach mittels SCP erfolgen, das Starten
			und Beenden der Serverprozesse lässt sich z.B. mit einfachen Bashskripten realisieren.</p>
			<p>Die folgenden Beispiele gehen davon aus, dass sich der Quellcode, die <strong>GaFrame</strong>-Bibliothek
			und die genannten Skripte auf den jeweiligen Zielrechnern im "gleichen" Verzeichnis (also z.B. <code>~/ga</code>) 
			befinden.</p>
			<p>Die Servernamen werden als Liste in der Datei <code>serverList</code> hinterlegt:</p>
			<source>
isys23 isys24 isys25
			</source>
			<p>Das Skript <code>startServers.sh</code> wird z.B. mit der Zeile <code>startServers.sh `cat serverList`</code>
			aufgerufen und startet dann auf jedem der Server ein weiteres Skript, dem es das aktuelle Verzeichnis als
			Parameter übergibt:</p>
			<source>
dir=`pwd`

for server in `cat serverList` 
do
	echo $server
	ssh $server $dir/rmiStart.sh $dir &amp;
done
			</source>
			<p>Das Skript <code>rmiStart.sh</code> wird auf jedem entfernten Rechner ausgeführt, startet die RMI-Registry 
			und registriert die Klasse <code>RemoteFitness</code> für den RMI-Zugriff. Damit ist der "Cluster" betriebsbereit.</p>
			<source>
cd $1
cd bin
pwd 
rmiregistry &amp;
sleep 1
java -cp . de.htwdd.ga.rmi.RemoteFitness
			</source>
		</section>
		<section>
			<title>Beenden der RMI-Server</title>
			<p>Nach dem Durchlauf des Genetischen Algorithmus lassen sich die Server z.B. mit folgendem Skript 
			(<code>stopServers.sh</code>), das mit <code>stopServers.sh `cat serverList`</code> aufgerufen wird,
			beenden:</p>
			<source>
for server in `cat serverList` 
do
	echo $server
	ssh $server killall java
	ssh $server killall rmiregistry
done
			</source>
			<p>Die Verwendung von <code>killall</code> ist zugegebenermaßen sehr radikal, aber das Beispiel kann
			(und sollte) individuell angepasst werden.</p>
		</section>
	</body>
</document>
