<?xml version='1.0' encoding='UTF-8'?>
<!-- This XML is used as the mapping between object and tables in RDB
-->
<entry>
	<table name="employee" />
	<primary field_name="_employeeId" table_field_name="databaseIdentifier" />
	<attribute field_name="_title" table_field_name="title" />
	<attribute field_name="_emailAddress" table_field_name="emailAddress" />
	<instance class="com.objectwave.persist.bcel.examples.EmployeePersistence" field_name="_boss" table_field_name="bossIdentifier" />
	<instance class="com.objectwave.persist.bcel.examples.PersonPersistence" field_name="_person" />
	<collection class="com.objectwave.persist.bcel.examples.EmployeePersistence" field_name="_workers" />
	<foreign class="com.objectwave.persist.bcel.examples.CompanyPersistence" field_name="_company" table_field_name="companyIdentifier" />
</entry>
